鄉鎮市區_The villages and towns urban district,交易標的_transaction sign,土地位置建物門牌_land sector position building sector house number plate,土地移轉總面積平方公尺_land shifting total area square meter,都市土地使用分區_the use zoning or compiles and checks,非都市土地使用分區_the non-metropolis land use district,非都市土地使用編定_non-metropolis land use,交易年月日_transaction year month and day,交易筆棟數_transaction pen number,移轉層次_shifting level,總樓層數_total floor number,建物型態_building state,主要用途_main use,主要建材_main building materials,建築完成年月_construction to complete the years,建物移轉總面積平方公尺_building shifting total area,建物現況格局-房_Building present situation pattern - room,建物現況格局-廳_building present situation pattern - hall,建物現況格局-衛_building present situation pattern - health,建物現況格局-隔間_building present situation pattern - compartmented,有無管理組織_Whether there is manages the organization,總價元_total price NTD,單價元平方公尺_the unit price (NTD / square meter),車位類別_the berth category,車位移轉總面積平方公尺_berth shifting total area square meter,車位總價元_the berth total price NTD,備註_the note,編號_serial number,建案名稱_build case,棟及號_buildings,來源資料夾_,台東市,房地(土地+建物)+車位,臺東縣臺東市四維路二段246號旁浙江路的右側,17.74,住,Unnamed: 5,Unnamed: 6,1120512,土地2建物1車位1,十層,12,住宅大樓(11層含以上有電梯),見其他登記事項,鋼筋混凝土造,Unnamed: 14,79.4,2,1,1.1,有,無,6730000,96784,坡道機械,16.58,650000,A06戶兩房方案，附冷氣一式交易總價含下列非屬預售屋價格之費用:含裝潢費680000元；含傢俱設備費200000元；,RPSNMLPKNHIGFAV07CB,達永崌里東,A6號,Unnamed: 30,來源資料夾,臺東縣臺東市仁愛街29號旁,34.62,1120814,土地1建物1車位1,五層,5,華廈(10層含以下有電梯),住家用,102.17,2.1,8800000,88465,一樓平面,14.0,1000000,車位編號:自設車位8,RPQNMLPKQHIGFAV27DB,麗築東京天后之星,5C號
台東市,房地(土地+建物),臺東縣臺東市中正路131號後方,14.79,商,,,1111114.0,土地3建物1車位0,十一層,14.0,住宅大樓(11層含以上有電梯),住家用,鋼筋混凝土造,,82.56,2.0,2.0,2.0,有,無,6780000.0,82122.0,,0.0,0.0,,RPWNMLSKJIHGFAV37CB,大同富御,1棟11F號,112_01,,,,,,,,,,,,,,,,,,,,,,,,,,,,,,,,,,,,,,,,,,,,,,,,,,,
台東市,房地(土地+建物),臺東縣臺東市興安路200巷,89.54,住,,,1111118.0,土地1建物1車位0,全,4.0,透天厝,住家用,鋼筋混凝土造,,206.1,5.0,3.0,4.0,有,無,13820000.0,67055.0,,0.0,0.0,,RPPNMLNLJIHGFAV88CB,敦惠之星,A棟8號,112_01,,,,,,,,,,,,,,,,,,,,,,,,,,,,,,,,,,,,,,,,,,,,,,,,,,,
台東市,房地(土地+建物)+車位,臺東縣臺東市四維路二段246號旁浙江路的右側,17.32,住,,,1111114.0,土地2建物1車位1,七層,12.0,住宅大樓(11層含以上有電梯),見其他登記事項,鋼筋混凝土造,,94.51,2.0,1.0,1.0,有,無,7030000.0,98778.0,坡道平面,33.16,970000.0,A09戶一房方案，附冷氣一式交易總價含下列非屬預售屋價格之費用:含裝潢費740000元；含傢俱設備費140000元；,RPTNMLLJKIHGFAV98CB,達永崌里東,A9號,112_01,,,,,,,,,,,,,,,,,,,,,,,,,,,,,,,,,,,,,,,,,,,,,,,,,,,
台東市,房地(土地+建物),臺東縣臺東市南王段592，592-7,184.25,住,,,1111201.0,土地7建物1車位0,全,3.0,透天厝,住家用,鋼筋混凝土造,,208.21,4.0,2.0,4.0,有,無,14800000.0,71082.0,,0.0,0.0,1賣方同意贈送多功能用水龍頭五組。2賣方同意贈送前車庫全區遮雨棚採光罩，廚房左側三角採光罩不含一樓後方陽台，樣式由賣方決定。3一樓右側平台更改為塑木地板。4賣方同意贈送浴室冷暖機三台。廚具及中島費:150000元,RPPNMLSJKIHGFAV76DB,南王富御住宅,A棟A號,112_01,,,,,,,,,,,,,,,,,,,,,,,,,,,,,,,,,,,,,,,,,,,,,,,,,,,
台東市,房地(土地+建物),臺東縣臺東市興航段5-2地號,53.19,住,,,1111212.0,土地1建物1車位0,四層,5.0,華廈(10層含以下有電梯),住家用,鋼筋混凝土造,,130.49,3.0,2.0,2.0,有,無,9000000.0,68971.0,,0.0,0.0,,RPPNMLNKKIHGFAV88CB,齊揚日光C區,C棟4C1號,112_01,,,,,,,,,,,,,,,,,,,,,,,,,,,,,,,,,,,,,,,,,,,,,,,,,,,
台東市,房地(土地+建物),臺東縣臺東市中正路131號後方,14.79,商,,,1111120.0,土地3建物1車位0,六層,14.0,住宅大樓(11層含以上有電梯),住家用,鋼筋混凝土造,,82.56,2.0,2.0,2.0,有,無,6580000.0,79700.0,,0.0,0.0,,RPPNMLOKKIHGFAV98CB,大同富御,1棟6F號,112_01,,,,,,,,,,,,,,,,,,,,,,,,,,,,,,,,,,,,,,,,,,,,,,,,,,,
台東市,房地(土地+建物)+車位,臺東縣臺東市中正路131號後方,19.75,商,,,1111121.0,土地3建物1車位1,九層,14.0,住宅大樓(11層含以上有電梯),住家用,鋼筋混凝土造,,122.95,2.0,2.0,2.0,有,無,9900000.0,82502.0,坡道平面,12.65,800000.0,,RPQNMLOKKIHGFAV09CB,大同富御,1棟9G號,112_01,,,,,,,,,,,,,,,,,,,,,,,,,,,,,,,,,,,,,,,,,,,,,,,,,,,
台東市,房地(土地+建物)+車位,臺東縣臺東市更生路1250號旁臺東市南榮段1069 地號,52.75,住,,,1111220.0,土地2建物1車位1,十三層,15.0,住宅大樓(11層含以上有電梯),住家用,鋼筋混凝土造,,155.92,3.0,2.0,2.0,有,無,9570000.0,71173.0,坡道平面,35.93,1030000.0,,RPQNMLKLKIHGFAV78CB,悅山水,H棟13號,112_01,,,,,,,,,,,,,,,,,,,,,,,,,,,,,,,,,,,,,,,,,,,,,,,,,,,
台東市,房地(土地+建物)+車位,臺東縣臺東市四維路二段246號旁浙江路的右側,17.32,住,,,1111204.0,土地2建物1車位1,十層,12.0,住宅大樓(11層含以上有電梯),見其他登記事項,鋼筋混凝土造,,94.51,2.0,1.0,1.0,有,無,7240000.0,102200.0,坡道平面,33.16,970000.0,A10戶兩房方案，附冷氣一式交易總價含下列非屬預售屋價格之費用:含裝潢費680000元；含傢俱設備費200000元；,RPTNMLKLKIHGFAV09CB,達永崌里東,A10號,112_01,,,,,,,,,,,,,,,,,,,,,,,,,,,,,,,,,,,,,,,,,,,,,,,,,,,
台東市,房地(土地+建物)+車位,臺東縣臺東市四維路二段246號旁浙江路的右側,17.32,住,,,1111201.0,土地2建物1車位1,十層,12.0,住宅大樓(11層含以上有電梯),見其他登記事項,鋼筋混凝土造,,94.51,2.0,1.0,1.0,有,無,7350000.0,103667.0,坡道平面,33.16,990000.0,A03戶兩房方案，附冷氣一式交易總價含下列非屬預售屋價格之費用:含裝潢費680000元；含傢俱設備費200000元；,RPVNMLKLKIHGFAV66CB,達永崌里東,A3號,112_01,,,,,,,,,,,,,,,,,,,,,,,,,,,,,,,,,,,,,,,,,,,,,,,,,,,
台東市,房地(土地+建物)+車位,臺東縣臺東市四維路二段246號旁浙江路的右側,17.32,住,,,1111203.0,土地2建物1車位1,二層,12.0,住宅大樓(11層含以上有電梯),見其他登記事項,鋼筋混凝土造,,94.51,2.0,1.0,1.0,有,無,7210000.0,101548.0,坡道平面,33.16,980000.0,A09戶兩房方案，附冷氣一式交易總價含下列非屬預售屋價格之費用:含裝潢費680000元；含傢俱設備費200000元；,RPWNMLKLKIHGFAV76CB,達永崌里東,A9號,112_01,,,,,,,,,,,,,,,,,,,,,,,,,,,,,,,,,,,,,,,,,,,,,,,,,,,
台東市,房地(土地+建物)+車位,臺東縣臺東市樂利路77巷13號對面,49.94,住,,,1111215.0,土地1建物1車位1,一層,5.0,華廈(10層含以下有電梯),住家用,鋼筋混凝土造,,119.85,3.0,2.0,2.0,有,無,7800000.0,65081.0,一樓平面,0.0,0.0,,RPPNMLMLKIHGFAV88CB,欣輝興安住宅興建11戶,1A號,112_01,,,,,,,,,,,,,,,,,,,,,,,,,,,,,,,,,,,,,,,,,,,,,,,,,,,
台東市,房地(土地+建物)+車位,臺東縣臺東市四維路二段246號旁浙江路的右側,17.32,住,,,1111128.0,土地2建物1車位1,十層,12.0,住宅大樓(11層含以上有電梯),見其他登記事項,鋼筋混凝土造,,94.51,2.0,1.0,1.0,有,無,7260000.0,102200.0,坡道平面,33.16,990000.0,A09戶一房方案，附冷氣一式交易總價含下列非屬預售屋價格之費用:含裝潢費740000元；含傢俱設備費140000元；,RPPNMLNLKIHGFAV98CB,達永崌里東,A9號,112_01,,,,,,,,,,,,,,,,,,,,,,,,,,,,,,,,,,,,,,,,,,,,,,,,,,,
台東市,房地(土地+建物),臺東縣臺東市中華路二段214巷78弄35號隔壁,89.07,住,,,1111226.0,土地1建物1車位0,全,3.0,透天厝,住家用,鋼筋混凝土造,,182.41,5.0,2.0,6.0,有,無,12750000.0,69897.0,,0.0,0.0,,RPPNMLSLKIHGFAV96DB,晉鋐豐榮,A1號,112_01,,,,,,,,,,,,,,,,,,,,,,,,,,,,,,,,,,,,,,,,,,,,,,,,,,,
台東市,房地(土地+建物),臺東縣臺東市中華路二段214巷78弄35號隔壁,104.54,住,,,1111226.0,土地1建物1車位0,全,3.0,透天厝,住家用,鋼筋混凝土造,,210.37,5.0,2.0,6.0,有,無,13750000.0,65361.0,,0.0,0.0,,RPRNMLSLKIHGFAV17DB,晉鋐豐榮,A3號,112_01,,,,,,,,,,,,,,,,,,,,,,,,,,,,,,,,,,,,,,,,,,,,,,,,,,,
台東市,房地(土地+建物),臺東縣臺東市中華路二段214巷78弄35號隔壁,110.17,住,,,1111223.0,土地1建物1車位0,全,3.0,透天厝,住家用,鋼筋混凝土造,,210.37,5.0,2.0,6.0,有,無,13750000.0,65361.0,,0.0,0.0,,RPSNMLSLKIHGFAV27DB,晉鋐豐榮,A4號,112_01,,,,,,,,,,,,,,,,,,,,,,,,,,,,,,,,,,,,,,,,,,,,,,,,,,,
台東市,房地(土地+建物),臺東縣臺東市中華路二段214巷78弄35號隔壁,90.57,住,,,1111223.0,土地1建物1車位0,全,3.0,透天厝,住家用,鋼筋混凝土造,,182.41,5.0,2.0,6.0,有,無,12750000.0,69897.0,,0.0,0.0,,RPPNMLTLKIHGFAV07DB,晉鋐豐榮,A2號,112_01,,,,,,,,,,,,,,,,,,,,,,,,,,,,,,,,,,,,,,,,,,,,,,,,,,,
台東市,房地(土地+建物),臺東縣臺東市南王段592-17,145.15,住,,,1111215.0,土地6建物1車位0,全,3.0,透天厝,住家用,鋼筋混凝土造,,176.91,4.0,2.0,4.0,有,無,12800000.0,72353.0,,0.0,0.0,1.賣方同意贈送車庫遮雨棚採光罩，樣式由賣方決定。廚具費:100000元,RPPNMLKMKIHGFAV88DB,南王富御住宅,F棟F號,112_01,,,,,,,,,,,,,,,,,,,,,,,,,,,,,,,,,,,,,,,,,,,,,,,,,,,
台東市,房地(土地+建物)+車位,臺東縣臺東市四維路二段246號旁浙江路的右側,17.74,住,,,1111213.0,土地2建物1車位1,三層,12.0,住宅大樓(11層含以上有電梯),見其他登記事項,鋼筋混凝土造,,95.98,2.0,1.0,1.0,有,無,6650000.0,90099.0,坡道平面,33.16,990000.0,A06戶兩房方案，附冷氣一式交易總價含下列非屬預售屋價格之費用:含裝潢費680000元；含傢俱設備費200000元；,RPPNMLLKJHIGFAV58CB,達永崌里東,A6號,112_01,,,,,,,,,,,,,,,,,,,,,,,,,,,,,,,,,,,,,,,,,,,,,,,,,,,
台東市,房地(土地+建物)+車位,臺東縣臺東市四維路二段246號旁浙江路的右側,23.15,住,,,1111214.0,土地2建物1車位1,八層,12.0,住宅大樓(11層含以上有電梯),見其他登記事項,鋼筋混凝土造,,115.24,2.0,1.0,1.0,有,無,7990000.0,85283.0,坡道平面,33.16,990000.0,,RPQNMLLKJHIGFAV68CB,達永崌里東,A12號,112_01,,,,,,,,,,,,,,,,,,,,,,,,,,,,,,,,,,,,,,,,,,,,,,,,,,,
台東市,房地(土地+建物)+車位,臺東縣臺東市四維路二段246號旁浙江路的右側,30.42,住,,,1111224.0,土地2建物1車位1,三層,12.0,住宅大樓(11層含以上有電梯),見其他登記事項,鋼筋混凝土造,,141.0,3.0,2.0,2.0,有,無,9770000.0,81881.0,坡道平面,33.16,940000.0,,RPRNMLLKJHIGFAV78CB,達永崌里東,A1號,112_01,,,,,,,,,,,,,,,,,,,,,,,,,,,,,,,,,,,,,,,,,,,,,,,,,,,
台東市,房地(土地+建物)+車位,臺東縣臺東市四維路二段246號旁浙江路的右側,30.42,住,,,1111218.0,土地2建物1車位1,二層,12.0,住宅大樓(11層含以上有電梯),見其他登記事項,鋼筋混凝土造,,141.0,3.0,2.0,2.0,有,無,9840000.0,82251.0,坡道平面,33.16,970000.0,,RPSNMLLKJHIGFAV88CB,達永崌里東,A1號,112_01,,,,,,,,,,,,,,,,,,,,,,,,,,,,,,,,,,,,,,,,,,,,,,,,,,,
台東市,房地(土地+建物)+車位,臺東縣臺東市四維路二段246號旁浙江路的右側,17.32,住,,,1111224.0,土地2建物1車位1,二層,12.0,住宅大樓(11層含以上有電梯),見其他登記事項,鋼筋混凝土造,,94.51,2.0,1.0,1.0,有,無,7160000.0,101385.0,坡道平面,33.16,940000.0,A10戶一房方案，附冷氣一式交易總價含下列非屬預售屋價格之費用:含裝潢費740000元；含傢俱設備費140000元；,RPTNMLLKJHIGFAV98CB,達永崌里東,A10號,112_01,,,,,,,,,,,,,,,,,,,,,,,,,,,,,,,,,,,,,,,,,,,,,,,,,,,
台東市,房地(土地+建物)+車位,臺東縣臺東市四維路二段246號旁浙江路的右側,30.39,住,,,1120108.0,土地2建物1車位1,八層,12.0,住宅大樓(11層含以上有電梯),見其他登記事項,鋼筋混凝土造,,140.88,3.0,2.0,2.0,有,無,10270000.0,86149.0,坡道平面,33.16,990000.0,,RPUNMLLKJHIGFAV09CB,達永崌里東,A11號,112_01,,,,,,,,,,,,,,,,,,,,,,,,,,,,,,,,,,,,,,,,,,,,,,,,,,,
台東市,房地(土地+建物)+車位,臺東縣臺東市四維路二段246號旁浙江路的右側,23.15,住,,,1120117.0,土地2建物1車位1,十一層,12.0,住宅大樓(11層含以上有電梯),見其他登記事項,鋼筋混凝土造,,115.24,2.0,1.0,1.0,有,無,8270000.0,88694.0,坡道平面,33.16,990000.0,,RPPNMLLMJHIGFAV78CB,達永崌里東,A12號,112_01,,,,,,,,,,,,,,,,,,,,,,,,,,,,,,,,,,,,,,,,,,,,,,,,,,,
台東市,房地(土地+建物)+車位,臺東縣臺東市四維路二段246號旁浙江路的右側,17.32,住,,,1120125.0,土地2建物1車位1,十一層,12.0,住宅大樓(11層含以上有電梯),見其他登記事項,鋼筋混凝土造,,94.51,2.0,1.0,1.0,有,無,7400000.0,104482.0,坡道平面,33.16,990000.0,A03戶一房方案，附冷氣一式交易總價含下列非屬預售屋價格之費用:含裝潢費740000元；含傢俱設備費140000元；,RPQNMLLMJHIGFAV88CB,達永崌里東,A3號,112_01,,,,,,,,,,,,,,,,,,,,,,,,,,,,,,,,,,,,,,,,,,,,,,,,,,,
台東市,房地(土地+建物)+車位,臺東縣臺東市四維路二段246號旁浙江路的右側,17.74,住,,,1120129.0,土地2建物1車位1,八層,12.0,住宅大樓(11層含以上有電梯),見其他登記事項,鋼筋混凝土造,,95.98,2.0,1.0,1.0,有,無,6900000.0,94397.0,坡道平面,33.16,970000.0,A06戶一房方案，附冷氣一式交易總價含下列非屬預售屋價格之費用:含裝潢費740000元；含傢俱設備費140000元；,RPRNMLLMJHIGFAV98CB,達永崌里東,A6號,112_01,,,,,,,,,,,,,,,,,,,,,,,,,,,,,,,,,,,,,,,,,,,,,,,,,,,
台東市,房地(土地+建物)+車位,臺東縣臺東市四維路二段246號旁浙江路的右側,17.32,住,,,1120201.0,土地2建物1車位2,九層,12.0,住宅大樓(11層含以上有電梯),見其他登記事項,鋼筋混凝土造,,127.67,2.0,1.0,1.0,有,無,8270000.0,102689.0,坡道平面,66.32,1970000.0,A03戶兩房方案，附冷氣一式交易總價含下列非屬預售屋價格之費用:含裝潢費680000元；含傢俱設備費200000元；,RPPNMLOKKHIGFAV98CB,達永崌里東,A3號,112_01,,,,,,,,,,,,,,,,,,,,,,,,,,,,,,,,,,,,,,,,,,,,,,,,,,,
台東市,房地(土地+建物)+車位,臺東縣臺東市四維路二段246號旁浙江路的右側,17.68,住,,,1120205.0,土地2建物1車位1,九層,12.0,住宅大樓(11層含以上有電梯),見其他登記事項,鋼筋混凝土造,,95.94,2.0,1.0,1.0,有,無,6990000.0,95890.0,坡道平面,33.16,970000.0,A07戶一房方案，附冷氣一式交易總價含下列非屬預售屋價格之費用:含裝潢費740000元；含傢俱設備費140000元；,RPQNMLOKKHIGFAV09CB,達永崌里東,A7號,112_01,,,,,,,,,,,,,,,,,,,,,,,,,,,,,,,,,,,,,,,,,,,,,,,,,,,
台東市,房地(土地+建物),臺東縣臺東市中正路131號後方,14.79,商,,,1120128.0,土地3建物1車位0,十二層,14.0,住宅大樓(11層含以上有電梯),住家用,鋼筋混凝土造,,82.56,2.0,2.0,2.0,有,無,6870000.0,83212.0,,0.0,0.0,,RPPNMLKLKHIGFAV68CB,大同富御,1棟12F號,112_01,,,,,,,,,,,,,,,,,,,,,,,,,,,,,,,,,,,,,,,,,,,,,,,,,,,
台東市,房地(土地+建物)+車位,臺東縣臺東市四維路二段246號旁浙江路的右側,17.68,住,,,1120221.0,土地2建物1車位1,三層,12.0,住宅大樓(11層含以上有電梯),見其他登記事項,鋼筋混凝土造,,95.94,2.0,1.0,1.0,有,無,6600000.0,90156.0,坡道平面,33.16,940000.0,A07戶兩房方案，附冷氣一式交易總價含下列非屬預售屋價格之費用:含裝潢費680000元；含傢俱設備費200000元；,RPPNMLNJLHIGFAV88CB,達永崌里東,A7號,112_02,,,,,,,,,,,,,,,,,,,,,,,,,,,,,,,,,,,,,,,,,,,,,,,,,,,
台東市,房地(土地+建物)+車位,臺東縣臺東市四維路二段246號旁浙江路的右側,30.39,住,,,1120226.0,土地2建物1車位1,三層,12.0,住宅大樓(11層含以上有電梯),見其他登記事項,鋼筋混凝土造,,140.88,3.0,2.0,2.0,有,無,9860000.0,81879.0,坡道平面,33.16,1040000.0,,RPQNMLNJLHIGFAV98CB,達永崌里東,A11號,112_02,,,,,,,,,,,,,,,,,,,,,,,,,,,,,,,,,,,,,,,,,,,,,,,,,,,
台東市,房地(土地+建物)+車位,臺東縣臺東市四維路二段246號旁浙江路的右側,17.32,住,,,1120219.0,土地2建物1車位1,十二層,12.0,住宅大樓(11層含以上有電梯),見其他登記事項,鋼筋混凝土造,,94.51,2.0,1.0,1.0,有,無,7460000.0,105460.0,坡道平面,33.16,990000.0,A02戶一房方案，附冷氣一式交易總價含下列非屬預售屋價格之費用:含裝潢費740000元；含傢俱設備費140000元；,RPRNMLNJLHIGFAV09CB,達永崌里東,A2號,112_02,,,,,,,,,,,,,,,,,,,,,,,,,,,,,,,,,,,,,,,,,,,,,,,,,,,
台東市,房地(土地+建物)+車位,臺東縣臺東市四維路二段246號旁浙江路的右側,30.39,住,,,1120219.0,土地2建物1車位1,六層,12.0,住宅大樓(11層含以上有電梯),見其他登記事項,鋼筋混凝土造,,140.88,3.0,2.0,2.0,有,無,10070000.0,84293.0,坡道平面,33.16,990000.0,,RPSNMLNJLHIGFAV56CB,達永崌里東,A11號,112_02,,,,,,,,,,,,,,,,,,,,,,,,,,,,,,,,,,,,,,,,,,,,,,,,,,,
台東市,房地(土地+建物)+車位,臺東縣臺東市四維路二段246號旁浙江路的右側,17.68,住,,,1120221.0,土地2建物1車位1,二層,12.0,住宅大樓(11層含以上有電梯),見其他登記事項,鋼筋混凝土造,,95.94,2.0,1.0,1.0,有,無,6540000.0,89200.0,坡道平面,33.16,940000.0,A07戶一房方案，附冷氣一式交易總價含下列非屬預售屋價格之費用:含裝潢費740000元；含傢俱設備費140000元；,RPTNMLNJLHIGFAV66CB,達永崌里東,A7號,112_02,,,,,,,,,,,,,,,,,,,,,,,,,,,,,,,,,,,,,,,,,,,,,,,,,,,
台東市,房地(土地+建物)+車位,臺東縣臺東市四維路二段246號旁浙江路的右側,23.15,住,,,1120225.0,土地2建物1車位1,三層,12.0,住宅大樓(11層含以上有電梯),見其他登記事項,鋼筋混凝土造,,115.24,2.0,1.0,1.0,有,無,7650000.0,81140.0,坡道平面,33.16,990000.0,,RPUNMLNJLHIGFAV76CB,達永崌里東,A12號,112_02,,,,,,,,,,,,,,,,,,,,,,,,,,,,,,,,,,,,,,,,,,,,,,,,,,,
台東市,房地(土地+建物)+車位,臺東縣臺東市四維路二段246號旁浙江路的右側,17.74,住,,,1120228.0,土地2建物1車位1,二層,12.0,住宅大樓(11層含以上有電梯),見其他登記事項,鋼筋混凝土造,,95.98,2.0,1.0,1.0,有,無,6590000.0,89303.0,坡道平面,33.16,980000.0,A06戶兩房方案，附冷氣一式交易總價含下列非屬預售屋價格之費用:含裝潢費680000元；含傢俱設備費200000元；,RPVNMLNJLHIGFAV86CB,達永崌里東,A6號,112_02,,,,,,,,,,,,,,,,,,,,,,,,,,,,,,,,,,,,,,,,,,,,,,,,,,,
台東市,房地(土地+建物)+車位,臺東縣臺東市中正路131號後方,19.75,商,,,1120222.0,土地3建物1車位1,十層,14.0,住宅大樓(11層含以上有電梯),住家用,鋼筋混凝土造,,124.05,2.0,2.0,2.0,有,無,10080000.0,82956.0,坡道平面,13.75,930000.0,,RPQNMLOJLHIGFAV09CB,大同富御,1棟10D號,112_02,,,,,,,,,,,,,,,,,,,,,,,,,,,,,,,,,,,,,,,,,,,,,,,,,,,
台東市,房地(土地+建物)+車位,臺東縣臺東市更生路1250號旁臺東市南榮段1069 地號,35.74,住,,,1120302.0,土地2建物1車位1,三層,15.0,住宅大樓(11層含以上有電梯),住家用,鋼筋混凝土造,,117.36,2.0,2.0,1.0,有,無,6360000.0,67420.0,坡道平面,35.93,870000.0,,RPQNMLSJLHIGFAV86CB,悅山水,C棟3號,112_02,,,,,,,,,,,,,,,,,,,,,,,,,,,,,,,,,,,,,,,,,,,,,,,,,,,
台東市,房地(土地+建物),臺東縣臺東市正氣北路80-1號等,26.27,住,,,1120310.0,土地1建物1車位0,一層,5.0,華廈(10層含以下有電梯),住家用,鋼筋混凝土造,,64.43,0.0,1.0,1.0,有,無,6500000.0,100885.0,,0.0,0.0,,RPRNMLNKLHIGFAV66DB,正氣北路電梯公寓,A1號,112_02,,,,,,,,,,,,,,,,,,,,,,,,,,,,,,,,,,,,,,,,,,,,,,,,,,,
台東市,房地(土地+建物)+車位,臺東縣臺東市四維路二段246號旁浙江路的右側,17.74,住,,,1120305.0,土地2建物1車位1,七層,12.0,住宅大樓(11層含以上有電梯),見其他登記事項,鋼筋混凝土造,,95.98,2.0,1.0,1.0,有,無,6850000.0,93442.0,坡道平面,33.16,980000.0,A06戶一房方案，附冷氣一式交易總價含下列非屬預售屋價格之費用:含裝潢費740000元；含傢俱設備費140000元；,RPPNMLOKLHIGFAV09CB,達永崌里東,A6號,112_02,,,,,,,,,,,,,,,,,,,,,,,,,,,,,,,,,,,,,,,,,,,,,,,,,,,
台東市,房地(土地+建物)+車位,臺東縣臺東市四維路二段246號旁浙江路的右側,17.74,住,,,1120220.0,土地2建物1車位1,六層,12.0,住宅大樓(11層含以上有電梯),見其他登記事項,鋼筋混凝土造,,95.98,2.0,1.0,1.0,有,無,6790000.0,92646.0,坡道平面,33.16,970000.0,A06戶兩房方案，附冷氣一式交易總價含下列非屬預售屋價格之費用:含裝潢費680000元；含傢俱設備費200000元；,RPQNMLOKLHIGFAV56CB,達永崌里東,A6號,112_02,,,,,,,,,,,,,,,,,,,,,,,,,,,,,,,,,,,,,,,,,,,,,,,,,,,
台東市,房地(土地+建物)+車位,臺東縣臺東市四維路二段246號旁浙江路的右側,17.68,住,,,1120305.0,土地2建物1車位1,六層,12.0,住宅大樓(11層含以上有電梯),見其他登記事項,鋼筋混凝土造,,95.94,2.0,1.0,1.0,有,無,6780000.0,92545.0,坡道平面,33.16,970000.0,A07兩房方案，附冷氣一式交易總價含下列非屬預售屋價格之費用:含裝潢費680000元；含傢俱設備費200000元；,RPRNMLOKLHIGFAV66CB,達永崌里東,A7號,112_02,,,,,,,,,,,,,,,,,,,,,,,,,,,,,,,,,,,,,,,,,,,,,,,,,,,
台東市,房地(土地+建物)+車位,臺東縣臺東市四維路二段246號旁浙江路的右側,17.32,住,,,1120305.0,土地2建物1車位1,十一層,12.0,住宅大樓(11層含以上有電梯),見其他登記事項,鋼筋混凝土造,,94.51,2.0,1.0,1.0,有,無,7290000.0,103015.0,坡道平面,33.16,970000.0,A09戶兩房方案，附冷氣一式交易總價含下列非屬預售屋價格之費用:含裝潢費680000元；含傢俱設備費200000元；,RPSNMLOKLHIGFAV76CB,達永崌里東,A9號,112_02,,,,,,,,,,,,,,,,,,,,,,,,,,,,,,,,,,,,,,,,,,,,,,,,,,,
台東市,房地(土地+建物)+車位,臺東縣臺東市四維路二段246號旁浙江路的右側,17.32,住,,,1120309.0,土地2建物1車位1,二層,12.0,住宅大樓(11層含以上有電梯),見其他登記事項,鋼筋混凝土造,,77.93,2.0,1.0,1.0,有,無,6540000.0,96007.0,坡道機械,16.58,650000.0,A03戶兩房方案，附冷氣一式交易總價含下列非屬預售屋價格之費用:含裝潢費680000元；含傢俱設備費200000元；,RPTNMLOKLHIGFAV86CB,達永崌里東,A3號,112_02,,,,,,,,,,,,,,,,,,,,,,,,,,,,,,,,,,,,,,,,,,,,,,,,,,,
台東市,房地(土地+建物),臺東縣臺東市中華路二段214巷78弄35號隔壁,107.46,住,,,1120316.0,土地1建物1車位0,全,3.0,透天厝,住家用,鋼筋混凝土造,,195.99,5.0,2.0,6.0,有,無,14150000.0,72198.0,,0.0,0.0,,RPPNMLRKLHIGFAV86DB,晉鋐豐榮,B2號,112_02,,,,,,,,,,,,,,,,,,,,,,,,,,,,,,,,,,,,,,,,,,,,,,,,,,,
台東市,房地(土地+建物),臺東縣臺東市中正路131號後方,19.75,商,,,1120303.0,土地3建物1車位0,十三層,14.0,住宅大樓(11層含以上有電梯),住家用,鋼筋混凝土造,,110.3,2.0,2.0,2.0,有,無,9330000.0,84587.0,,0.0,0.0,,RPPNMLNLLHIGFAV09CB,大同富御,1棟13D號,112_02,,,,,,,,,,,,,,,,,,,,,,,,,,,,,,,,,,,,,,,,,,,,,,,,,,,
台東市,房地(土地+建物)+車位,臺東縣臺東市更生路1250號旁臺東市南榮段1069 地號,52.75,住,,,1120331.0,土地2建物1車位1,三層,15.0,住宅大樓(11層含以上有電梯),住家用,鋼筋混凝土造,,155.92,3.0,2.0,2.0,有,無,8660000.0,64422.0,坡道平面,35.93,930000.0,交易總價含下列非屬預售屋價格之費用:親友、員工、共有人或其他特殊關係間之交易；,RPPNMLRJMHIGFAV76CB,悅山水,E棟3號,112_02,,,,,,,,,,,,,,,,,,,,,,,,,,,,,,,,,,,,,,,,,,,,,,,,,,,
台東市,房地(土地+建物)+車位,臺東縣臺東市更生路1250號旁臺東市南榮段1069 地號,35.79,住,,,1120402.0,土地2建物1車位1,十四層,15.0,住宅大樓(11層含以上有電梯),住家用,鋼筋混凝土造,,117.36,2.0,2.0,1.0,有,無,6740000.0,71350.0,坡道平面,35.93,930000.0,,RPSNMLRJMHIGFAV07CB,悅山水,F棟14號,112_02,,,,,,,,,,,,,,,,,,,,,,,,,,,,,,,,,,,,,,,,,,,,,,,,,,,
台東市,房地(土地+建物)+車位,臺東縣臺東市更生路1250號旁臺東市南榮段1069 地號,52.75,住,,,1120402.0,土地2建物1車位1,十四層,15.0,住宅大樓(11層含以上有電梯),住家用,鋼筋混凝土造,,155.92,3.0,2.0,2.0,有,無,9600000.0,71423.0,坡道平面,35.93,1030000.0,,RPTNMLRJMHIGFAV17CB,悅山水,E棟14號,112_02,,,,,,,,,,,,,,,,,,,,,,,,,,,,,,,,,,,,,,,,,,,,,,,,,,,
台東市,房地(土地+建物)+車位,臺東縣臺東市四維路二段246號旁浙江路的右側,26.77,住,,,1120318.0,土地2建物1車位1,六層,12.0,住宅大樓(11層含以上有電梯),見其他登記事項,鋼筋混凝土造,,128.13,2.0,2.0,2.0,有,無,8720000.0,81605.0,坡道平面,33.16,970000.0,,RPPNMLNKMHIGFAV09CB,達永崌里東,A5號,112_02,,,,,,,,,,,,,,,,,,,,,,,,,,,,,,,,,,,,,,,,,,,,,,,,,,,
台東市,房地(土地+建物)+車位,臺東縣臺東市四維路二段246號旁浙江路的右側,26.8,住,,,1120321.0,土地2建物1車位1,十一層,12.0,住宅大樓(11層含以上有電梯),見其他登記事項,鋼筋混凝土造,,128.14,2.0,2.0,2.0,有,無,9480000.0,89387.0,坡道平面,33.16,990000.0,,RPQNMLNKMHIGFAV56CB,達永崌里東,A8號,112_02,,,,,,,,,,,,,,,,,,,,,,,,,,,,,,,,,,,,,,,,,,,,,,,,,,,
台東市,房地(土地+建物)+車位,臺東縣臺東市四維路二段246號旁浙江路的右側,30.42,住,,,1120403.0,土地2建物1車位2,八層,12.0,住宅大樓(11層含以上有電梯),見其他登記事項,鋼筋混凝土造,,174.16,3.0,2.0,2.0,有,無,11260000.0,86053.0,坡道平面,66.32,1980000.0,,RPRNMLNKMHIGFAV66CB,達永崌里東,A1號,112_02,,,,,,,,,,,,,,,,,,,,,,,,,,,,,,,,,,,,,,,,,,,,,,,,,,,
台東市,房地(土地+建物)+車位,臺東縣臺東市四維路二段246號旁浙江路的右側,30.39,住,,,1120406.0,土地2建物1車位1,七層,12.0,住宅大樓(11層含以上有電梯),見其他登記事項,鋼筋混凝土造,,140.88,3.0,2.0,2.0,有,無,10170000.0,85221.0,坡道平面,33.16,990000.0,,RPSNMLNKMHIGFAV76CB,達永崌里東,A11號,112_02,,,,,,,,,,,,,,,,,,,,,,,,,,,,,,,,,,,,,,,,,,,,,,,,,,,
台東市,房地(土地+建物)+車位,臺東縣臺東市四維路二段246號旁浙江路的右側,26.8,住,,,1120408.0,土地2建物1車位1,九層,12.0,住宅大樓(11層含以上有電梯),見其他登記事項,鋼筋混凝土造,,128.14,2.0,2.0,2.0,有,無,9040000.0,84965.0,坡道平面,33.16,970000.0,,RPTNMLNKMHIGFAV86CB,達永崌里東,A8號,112_02,,,,,,,,,,,,,,,,,,,,,,,,,,,,,,,,,,,,,,,,,,,,,,,,,,,
台東市,房地(土地+建物)+車位,臺東縣臺東市更生路1250號旁臺東市南榮段1069 地號,52.75,住,,,1120415.0,土地2建物1車位1,六層,15.0,住宅大樓(11層含以上有電梯),住家用,鋼筋混凝土造,,155.92,3.0,2.0,2.0,有,無,9310000.0,69006.0,坡道平面,35.93,1030000.0,,RPPNMLTKMHIGFAV07CB,悅山水,A棟6號,112_02,,,,,,,,,,,,,,,,,,,,,,,,,,,,,,,,,,,,,,,,,,,,,,,,,,,
台東市,房地(土地+建物),臺東縣臺東市興航街72號旁,52.0,住,,,1120422.0,土地1建物1車位0,三層,5.0,華廈(10層含以下有電梯),見其他登記事項,鋼筋混凝土造,,134.78,3.0,2.0,2.0,有,無,10500000.0,77905.0,,0.0,0.0,,RPPNMLMLMHIGFAV09CB,齊揚日光A區,A棟3A1號,112_02,,,,,,,,,,,,,,,,,,,,,,,,,,,,,,,,,,,,,,,,,,,,,,,,,,,
台東市,房地(土地+建物),臺東縣臺東市中華路三段205號旁,36.11,,鄉村區,乙種建築用地,1120222.0,土地3建物1車位0,二層,5.0,華廈(10層含以下有電梯),住家用,鋼筋混凝土造,,81.06,2.0,2.0,1.0,有,無,6450000.0,79571.0,,0.0,0.0,,RPPNMLPLMHIGFAV86DB,豐里好好,2B號,112_02,,,,,,,,,,,,,,,,,,,,,,,,,,,,,,,,,,,,,,,,,,,,,,,,,,,
台東市,房地(土地+建物),臺東縣臺東市興航街72號旁,52.0,住,,,1120425.0,土地1建物1車位0,四層,5.0,華廈(10層含以下有電梯),見其他登記事項,鋼筋混凝土造,,134.78,3.0,2.0,2.0,有,無,10500000.0,77905.0,,0.0,0.0,,RPPNMLSLMHIGFAV07CB,齊揚日光A區,A棟4A1號,112_02,,,,,,,,,,,,,,,,,,,,,,,,,,,,,,,,,,,,,,,,,,,,,,,,,,,
台東市,房地(土地+建物),臺東縣臺東市南王段592-21,141.96,住,,,1120430.0,土地6建物1車位0,全,3.0,透天厝,住家用,鋼筋混凝土造,,184.04,4.0,2.0,4.0,有,無,13200000.0,71724.0,,0.0,0.0,1.賣方同意贈送車庫採光罩，樣式由賣方決定。2.賣方同意贈送自然風熱棒熱水器一組，樣式、型號由賣方決定。,RPPNMLMJNHIGFAV98CB,南王富御住宅,J棟J號,112_02,,,,,,,,,,,,,,,,,,,,,,,,,,,,,,,,,,,,,,,,,,,,,,,,,,,
台東市,房地(土地+建物)+車位,臺東縣臺東市更生路1250號旁臺東市南榮段1069 地號,52.75,住,,,1120429.0,土地2建物1車位1,五層,15.0,住宅大樓(11層含以上有電梯),住家用,鋼筋混凝土造,,155.92,3.0,2.0,2.0,有,無,9070000.0,67506.0,坡道平面,35.93,970000.0,,RPPNMLOJNHIGFAV56CB,悅山水,A棟5號,112_02,,,,,,,,,,,,,,,,,,,,,,,,,,,,,,,,,,,,,,,,,,,,,,,,,,,
台東市,房地(土地+建物)+車位,臺東縣臺東市更生路1250號旁臺東市南榮段1069 地號,35.74,住,,,1120424.0,土地2建物1車位1,九層,15.0,住宅大樓(11層含以上有電梯),住家用,鋼筋混凝土造,,117.36,2.0,2.0,1.0,有,無,6710000.0,70981.0,坡道平面,35.93,930000.0,,RPQNMLOJNHIGFAV66CB,悅山水,C棟9號,112_02,,,,,,,,,,,,,,,,,,,,,,,,,,,,,,,,,,,,,,,,,,,,,,,,,,,
台東市,房地(土地+建物)+車位,臺東縣臺東市更生路1250號旁臺東市南榮段1069 地號,52.75,住,,,1120503.0,土地2建物1車位1,五層,15.0,住宅大樓(11層含以上有電梯),住家用,鋼筋混凝土造,,155.92,3.0,2.0,2.0,有,無,9310000.0,69006.0,坡道平面,35.93,1030000.0,,RPRNMLOJNHIGFAV76CB,悅山水,D棟5號,112_02,,,,,,,,,,,,,,,,,,,,,,,,,,,,,,,,,,,,,,,,,,,,,,,,,,,
台東市,房地(土地+建物)+車位,臺東縣臺東市四維路二段246號旁浙江路的右側,30.42,住,,,1120423.0,土地2建物1車位1,五層,12.0,住宅大樓(11層含以上有電梯),見其他登記事項,鋼筋混凝土造,,141.0,3.0,2.0,2.0,有,無,9960000.0,83364.0,坡道平面,33.16,970000.0,,RPPNMLPKNHIGFAV76CB,達永崌里東,A1號,112_02,,,,,,,,,,,,,,,,,,,,,,,,,,,,,,,,,,,,,,,,,,,,,,,,,,,
台東市,房地(土地+建物)+車位,臺東縣臺東市四維路二段246號旁浙江路的右側,17.74,住,,,1120425.0,土地2建物1車位1,九層,12.0,住宅大樓(11層含以上有電梯),見其他登記事項,鋼筋混凝土造,,79.4,2.0,1.0,1.0,有,無,6670000.0,95829.0,坡道機械,16.58,650000.0,A06戶一房方案，附冷氣一式交易總價含下列非屬預售屋價格之費用:含裝潢費740000元；含傢俱設備費140000元；,RPQNMLPKNHIGFAV86CB,達永崌里東,A6號,112_02,,,,,,,,,,,,,,,,,,,,,,,,,,,,,,,,,,,,,,,,,,,,,,,,,,,
台東市,房地(土地+建物)+車位,臺東縣臺東市四維路二段246號旁浙江路的右側,30.39,住,,,1120510.0,土地2建物1車位1,十二層,12.0,住宅大樓(11層含以上有電梯),見其他登記事項,鋼筋混凝土造,,140.88,3.0,2.0,2.0,有,無,10710000.0,90327.0,坡道平面,33.16,980000.0,,RPRNMLPKNHIGFAV96CB,達永崌里東,A11號,112_02,,,,,,,,,,,,,,,,,,,,,,,,,,,,,,,,,,,,,,,,,,,,,,,,,,,
台東市,房地(土地+建物)+車位,臺東縣臺東市中正路131號後方,25.39,住,,,1120428.0,土地3建物1車位1,十一層,14.0,住宅大樓(11層含以上有電梯),住家用,鋼筋混凝土造,,155.46,3.0,2.0,2.0,有,無,12630000.0,82563.0,坡道平面,13.75,930000.0,,RPPNMLMLNHIGFAV56CB,大同富御,1棟11A號,112_02,,,,,,,,,,,,,,,,,,,,,,,,,,,,,,,,,,,,,,,,,,,,,,,,,,,
台東市,房地(土地+建物)+車位,臺東縣臺東市中華路三段205號旁,62.59,,鄉村區,乙種建築用地,1120430.0,土地3建物1車位1,五層,5.0,華廈(10層含以下有電梯),住家用,鋼筋混凝土造,,179.35,3.0,2.0,2.0,有,無,10700000.0,71179.0,一樓平面,38.86,700000.0,,RPPNMLTLNHIGFAV27CB,豐里好好,5A號,112_02,,,,,,,,,,,,,,,,,,,,,,,,,,,,,,,,,,,,,,,,,,,,,,,,,,,
台東市,房地(土地+建物)+車位,臺東縣臺東市興安路200巷,89.09,住,,,1120225.0,土地1建物1車位1,全,4.0,透天厝,住家用,鋼筋混凝土造,,204.26,5.0,3.0,4.0,有,無,13800000.0,67561.0,其他,0.0,0.0,,RPPNMLOJOHIGFAV66CB,敦惠之星,A棟9號,112_02,,,,,,,,,,,,,,,,,,,,,,,,,,,,,,,,,,,,,,,,,,,,,,,,,,,
台東市,房地(土地+建物)+車位,臺東縣臺東市興安路一段200巷21弄72號,91.44,住,,,1120417.0,土地1建物1車位1,全,3.0,透天厝,住家用,鋼筋混凝土造,,185.37,5.0,2.0,4.0,有,無,13280000.0,71641.0,其他,0.0,0.0,,RPQNMLOJOHIGFAV76CB,敦惠之星,B棟3號,112_02,,,,,,,,,,,,,,,,,,,,,,,,,,,,,,,,,,,,,,,,,,,,,,,,,,,
台東市,房地(土地+建物)+車位,臺東縣臺東市新站路2巷,140.99,住,,,1120509.0,土地1建物1車位1,全,3.0,透天厝,住家用,鋼筋混凝土造,,245.78,4.0,2.0,5.0,有,無,16180000.0,65831.0,其他,0.0,0.0,,RPQNMLPJOHIGFAV86CB,素直,A7棟A7號,112_02,,,,,,,,,,,,,,,,,,,,,,,,,,,,,,,,,,,,,,,,,,,,,,,,,,,
台東市,房地(土地+建物)+車位,臺東縣臺東市新站路2巷,142.35,住,,,1120325.0,土地1建物1車位1,全,3.0,透天厝,住家用,鋼筋混凝土造,,245.78,4.0,2.0,5.0,有,無,16380000.0,66645.0,其他,0.0,0.0,,RPSNMLPJOHIGFAV07CB,素直,A6棟A6號,112_02,,,,,,,,,,,,,,,,,,,,,,,,,,,,,,,,,,,,,,,,,,,,,,,,,,,
台東市,房地(土地+建物)+車位,臺東縣臺東市新站路2巷,143.71,住,,,1120317.0,土地1建物1車位1,全,3.0,透天厝,住家用,鋼筋混凝土造,,245.78,4.0,2.0,5.0,有,無,16420000.0,66808.0,其他,0.0,0.0,,RPTNMLPJOHIGFAV17CB,素直,A5棟A5號,112_02,,,,,,,,,,,,,,,,,,,,,,,,,,,,,,,,,,,,,,,,,,,,,,,,,,,
台東市,房地(土地+建物)+車位,臺東縣臺東市新站路2巷,155.53,住,,,1120320.0,土地1建物1車位1,全,3.0,透天厝,住家用,鋼筋混凝土造,,258.61,4.0,2.0,5.0,有,無,17280000.0,66819.0,其他,0.0,0.0,,RPUNMLPJOHIGFAV27CB,素直,A1棟A1號,112_02,,,,,,,,,,,,,,,,,,,,,,,,,,,,,,,,,,,,,,,,,,,,,,,,,,,
台東市,房地(土地+建物)+車位,臺東縣臺東市新站路2巷,139.64,住,,,1120312.0,土地1建物1車位1,全,3.0,透天厝,住家用,鋼筋混凝土造,,245.78,4.0,2.0,5.0,有,無,16100000.0,65506.0,其他,0.0,0.0,,RPQNMLPKOHIGFAV96CB,素直,A8棟A8號,112_02,,,,,,,,,,,,,,,,,,,,,,,,,,,,,,,,,,,,,,,,,,,,,,,,,,,
,,,,,,,,,,,,,,,,,,,,,,,,,,,,,,,台東市,房地(土地+建物),臺東縣臺東市中正路131號後方,14.79,住,,,1120512.0,土地3建物1車位0,十三層,14.0,住宅大樓(11層含以上有電梯),住家用,鋼筋混凝土造,,82.56,2.0,2.0,2.0,有,無,6850000.0,82970.0,,0.0,0.0,,RPQNMLMLNHIGFAV66CB,大同富御,1棟13E號,,112_03,,,,,,,,,,,,,,,,,,,
,,,,,,,,,,,,,,,,,,,,,,,,,,,,,,,台東市,房地(土地+建物),臺東縣臺東市中華路二段214巷78弄35號隔壁,99.76,住,,,1120527.0,土地1建物1車位0,全,3.0,透天厝,住家用,鋼筋混凝土造,,208.47,5.0,2.0,6.0,有,無,14150000.0,67875.0,,0.0,0.0,,RPPNMLKMNHIGFAV56DB,晉鋐豐榮,A5號,,112_03,,,,,,,,,,,,,,,,,,,
,,,,,,,,,,,,,,,,,,,,,,,,,,,,,,,台東市,房地(土地+建物),臺東縣臺東市中華路二段214巷78弄35號隔壁,102.7,住,,,1120528.0,土地1建物1車位0,全,3.0,透天厝,住家用,鋼筋混凝土造,,211.67,5.0,2.0,6.0,有,無,14200000.0,67086.0,,0.0,0.0,,RPQNMLKMNHIGFAV66DB,晉鋐豐榮,A7號,,112_03,,,,,,,,,,,,,,,,,,,
,,,,,,,,,,,,,,,,,,,,,,,,,,,,,,,台東市,房地(土地+建物)+車位,臺東縣臺東市國泰街71號旁,113.5,住,,,1120518.0,土地1建物1車位1,全,3.0,透天厝,住家用,鋼筋混凝土造,,203.84,4.0,2.0,5.0,有,無,15000000.0,73587.0,其他,0.0,0.0,,RPPNMLLJOHIGFAV09DB,國泰精品,A7號,,112_03,,,,,,,,,,,,,,,,,,,
,,,,,,,,,,,,,,,,,,,,,,,,,,,,,,,台東市,房地(土地+建物)+車位,臺東縣臺東市新站路2巷,154.03,住,,,1120520.0,土地1建物1車位1,全,3.0,透天厝,住家用,鋼筋混凝土造,,258.61,4.0,2.0,5.0,有,無,17320000.0,66973.0,其他,0.0,0.0,,RPPNMLPJOHIGFAV76CB,素直,A2棟A2號,,112_03,,,,,,,,,,,,,,,,,,,
,,,,,,,,,,,,,,,,,,,,,,,,,,,,,,,台東市,房地(土地+建物)+車位,臺東縣臺東市中正路131號後方,20.29,商,,,1120519.0,土地3建物1車位1,六層,14.0,住宅大樓(11層含以上有電梯),住家用,鋼筋混凝土造,,126.99,3.0,2.0,2.0,有,無,10030000.0,80360.0,坡道平面,13.75,930000.0,,RPVNMLPJOHIGFAV37CB,大同富御,1棟6B號,,112_03,,,,,,,,,,,,,,,,,,,
,,,,,,,,,,,,,,,,,,,,,,,,,,,,,,,台東市,房地(土地+建物)+車位,臺東縣臺東市中正路131號後方,25.28,商,,,1120519.0,土地3建物1車位1,六層,14.0,住宅大樓(11層含以上有電梯),住家用,鋼筋混凝土造,,154.83,3.0,2.0,2.0,有,無,12130000.0,79388.0,坡道平面,13.75,930000.0,,RPWNMLPJOHIGFAV47CB,大同富御,1棟6C號,,112_03,,,,,,,,,,,,,,,,,,,
,,,,,,,,,,,,,,,,,,,,,,,,,,,,,,,台東市,房地(土地+建物)+車位,臺東縣臺東市中正路131號後方,19.75,商,,,1120604.0,土地3建物1車位1,七層,14.0,住宅大樓(11層含以上有電梯),住家用,鋼筋混凝土造,,124.05,2.0,2.0,2.0,有,無,9700000.0,80417.0,坡道平面,13.75,830000.0,,RPXNMLPJOHIGFAV57CB,大同富御,1棟7G號,,112_03,,,,,,,,,,,,,,,,,,,
,,,,,,,,,,,,,,,,,,,,,,,,,,,,,,,台東市,房地(土地+建物),臺東縣臺東市興航街72號旁,52.0,住,,,1120603.0,土地1建物1車位0,二層,5.0,華廈(10層含以下有電梯),見其他登記事項,鋼筋混凝土造,,134.78,3.0,2.0,2.0,有,無,10500000.0,77905.0,,0.0,0.0,,RPPNMLRJOHIGFAV96CB,齊揚日光A區,A棟2A1號,,112_03,,,,,,,,,,,,,,,,,,,
,,,,,,,,,,,,,,,,,,,,,,,,,,,,,,,台東市,房地(土地+建物),臺東縣臺東市中華路二段214巷78弄35號隔壁,99.27,住,,,1120607.0,土地1建物1車位0,全,3.0,透天厝,住家用,鋼筋混凝土造,,208.47,5.0,2.0,6.0,有,無,14150000.0,67875.0,,0.0,0.0,,RPPNMLRJOHIGFAV07DB,晉鋐豐榮,A6號,,112_03,,,,,,,,,,,,,,,,,,,
,,,,,,,,,,,,,,,,,,,,,,,,,,,,,,,台東市,房地(土地+建物)+車位,臺東縣臺東市復興路117號,26.01,住,,,1120513.0,土地5建物1車位1,十層,10.0,華廈(10層含以下有電梯),住家用,鋼筋混凝土造,,128.8,3.0,2.0,2.0,有,無,11500000.0,91265.0,一樓平面,13.75,1000000.0,,RPPNMLTJOHIGFAV17CB,富湛,1棟10C號,,112_03,,,,,,,,,,,,,,,,,,,
,,,,,,,,,,,,,,,,,,,,,,,,,,,,,,,台東市,房地(土地+建物),臺東縣臺東市復興路117號,23.82,住,,,1120515.0,土地5建物1車位0,八層,10.0,華廈(10層含以下有電梯),住家用,鋼筋混凝土造,,117.11,3.0,2.0,2.0,有,無,8800000.0,75143.0,,0.0,0.0,,RPQNMLTJOHIGFAV27CB,富湛,1棟8E號,,112_03,,,,,,,,,,,,,,,,,,,
,,,,,,,,,,,,,,,,,,,,,,,,,,,,,,,台東市,房地(土地+建物),臺東縣臺東市南王段592-19,130.78,住,,,1120607.0,土地6建物1車位0,全,3.0,透天厝,住家用,鋼筋混凝土造,,178.91,4.0,2.0,4.0,有,無,12800000.0,71544.0,,0.0,0.0,1.賣方同意贈送車庫遮雨棚採光罩，樣式由賣方決定。廚具費:100000元,RPPNMLMKOHIGFAV56CB,南王富御住宅,H棟0號,,112_03,,,,,,,,,,,,,,,,,,,
,,,,,,,,,,,,,,,,,,,,,,,,,,,,,,,台東市,房地(土地+建物)+車位,臺東縣臺東市仁愛街29號旁,43.41,住,,,1120514.0,土地1建物1車位1,五層,5.0,華廈(10層含以下有電梯),住家用,鋼筋混凝土造,,124.54,3.0,2.0,2.0,有,無,10500000.0,85942.0,一樓平面,14.0,1000000.0,車位編號:自設停車6號,RPPNMLMKOHIGFAV66DB,麗築東京天后之星,5A號,,112_03,,,,,,,,,,,,,,,,,,,
,,,,,,,,,,,,,,,,,,,,,,,,,,,,,,,台東市,房地(土地+建物)+車位,臺東縣臺東市仁愛街29號旁,43.41,住,,,1120514.0,土地1建物1車位1,四層,5.0,華廈(10層含以下有電梯),住家用,鋼筋混凝土造,,124.54,3.0,2.0,2.0,有,無,10350000.0,84585.0,一樓平面,14.0,1000000.0,車位編號:自設停車7號,RPQNMLMKOHIGFAV76DB,麗築東京天后之星,4A號,,112_03,,,,,,,,,,,,,,,,,,,
,,,,,,,,,,,,,,,,,,,,,,,,,,,,,,,台東市,房地(土地+建物)+車位,臺東縣臺東市四維路二段246號旁浙江路的右側,17.32,住,,,1120606.0,土地2建物1車位1,十一層,12.0,住宅大樓(11層含以上有電梯),見其他登記事項,鋼筋混凝土造,,77.93,2.0,1.0,1.0,有,無,6970000.0,103015.0,坡道機械,16.58,650000.0,A10戶一房方案，附冷氣一式交易總價含下列非屬預售屋價格之費用:含裝潢費740000元；含傢俱設備費140000元；,RPPNMLNKOHIGFAV66CB,達永崌里東,A10號,,112_03,,,,,,,,,,,,,,,,,,,
,,,,,,,,,,,,,,,,,,,,,,,,,,,,,,,台東市,房地(土地+建物),臺東縣臺東市仁愛街29號旁,29.55,住,,,1120518.0,土地1建物1車位0,二層,5.0,華廈(10層含以下有電梯),住家用,鋼筋混凝土造,,75.19,2.0,2.0,1.0,有,無,6300000.0,83788.0,,0.0,0.0,,RPPNMLPKOHIGFAV96DB,麗築東京天后之星,2D號,,112_03,,,,,,,,,,,,,,,,,,,
,,,,,,,,,,,,,,,,,,,,,,,,,,,,,,,台東市,房地(土地+建物)+車位,臺東縣臺東市仁愛街29號旁,29.55,住,,,1120526.0,土地1建物1車位1,五層,5.0,華廈(10層含以下有電梯),住家用,鋼筋混凝土造,,85.19,2.0,2.0,1.0,有,無,7380000.0,86182.0,一樓平面,10.0,900000.0,車位編號:法定車位12號,RPQNMLPKOHIGFAV07DB,麗築東京天后之星,5D號,,112_03,,,,,,,,,,,,,,,,,,,
,,,,,,,,,,,,,,,,,,,,,,,,,,,,,,,台東市,房地(土地+建物)+車位,臺東縣臺東市仁愛街29號旁,35.19,住,,,1120603.0,土地1建物1車位1,三層,5.0,華廈(10層含以下有電梯),住家用,鋼筋混凝土造,,103.64,2.0,2.0,2.0,有,無,8450000.0,83110.0,一樓平面,14.0,1000000.0,車位編號:法定車位3號,RPRNMLPKOHIGFAV17DB,麗築東京天后之星,3B號,,112_03,,,,,,,,,,,,,,,,,,,
,,,,,,,,,,,,,,,,,,,,,,,,,,,,,,,台東市,房地(土地+建物)+車位,臺東縣臺東市興盛路11號之附近,108.08,住,,,1120610.0,土地1建物1車位1,全,3.0,透天厝,住家用,鋼筋混凝土造,,202.22,4.0,2.0,5.0,有,無,15000000.0,74177.0,其他,0.0,0.0,,RPPNMLQLOHIGFAV07CB,台東市清榮95地號9戶住宅新建工程,B3棟0號,,112_03,,,,,,,,,,,,,,,,,,,
,,,,,,,,,,,,,,,,,,,,,,,,,,,,,,,台東市,房地(土地+建物)+車位,臺東縣臺東市興盛路11號之附近,111.04,住,,,1120529.0,土地1建物1車位1,全,3.0,透天厝,住家用,鋼筋混凝土造,,202.22,4.0,2.0,5.0,有,無,15000000.0,74177.0,其他,0.0,0.0,,RPQNMLQLOHIGFAV17CB,台東市清榮95地號9戶住宅新建工程,B5棟0號,,112_03,,,,,,,,,,,,,,,,,,,
,,,,,,,,,,,,,,,,,,,,,,,,,,,,,,,台東市,房地(土地+建物)+車位,臺東縣臺東市興盛路11號之附近,108.08,其他,,,1120618.0,土地1建物1車位1,全,3.0,透天厝,住家用,鋼筋混凝土造,,202.22,4.0,2.0,5.0,有,無,15000000.0,74177.0,其他,0.0,0.0,,RPRNMLQLOHIGFAV27CB,台東市清榮95地號9戶住宅新建工程,B2棟0號,,112_03,,,,,,,,,,,,,,,,,,,
,,,,,,,,,,,,,,,,,,,,,,,,,,,,,,,台東市,房地(土地+建物)+車位,臺東縣臺東市中正路131號後方,25.28,商,,,1120605.0,土地3建物1車位1,四層,14.0,住宅大樓(11層含以上有電梯),住家用,鋼筋混凝土造,,154.83,3.0,2.0,2.0,有,無,12000000.0,78466.0,坡道平面,13.75,930000.0,,RPPNMLSLOHIGFAV27CB,大同富御,1棟4C號,,112_03,,,,,,,,,,,,,,,,,,,
,,,,,,,,,,,,,,,,,,,,,,,,,,,,,,,台東市,房地(土地+建物),臺東縣臺東市開封街308號旁,156.0,住,,,1120628.0,土地2建物1車位0,全,4.0,透天厝,住商用,鋼筋混凝土造,,306.24,5.0,2.0,6.0,有,無,36000000.0,117555.0,,0.0,0.0,,RPPNMLSLOHIGFAV37DB,開封品苑,B棟0號,,112_03,,,,,,,,,,,,,,,,,,,
,,,,,,,,,,,,,,,,,,,,,,,,,,,,,,,台東市,房地(土地+建物)+車位,臺東縣臺東市更生路1250號旁臺東市南榮段1069 地號,35.74,住,,,1120627.0,土地2建物1車位1,七層,15.0,住宅大樓(11層含以上有電梯),住家用,鋼筋混凝土造,,117.36,2.0,2.0,1.0,有,無,6780000.0,71841.0,坡道平面,35.93,930000.0,,RPPNMLKMOHIGFAV56CB,悅山水,C棟7號,,112_03,,,,,,,,,,,,,,,,,,,
,,,,,,,,,,,,,,,,,,,,,,,,,,,,,,,台東市,房地(土地+建物)+車位,臺東縣臺東市仁愛街29號旁,34.27,住,,,1120611.0,土地1建物1車位1,四層,5.0,華廈(10層含以下有電梯),住家用,鋼筋混凝土造,,100.19,2.0,2.0,2.0,有,無,8240000.0,83611.0,一樓平面,13.0,950000.0,車位編號:法定車位1號,RPPNMLPJPHIGFAV96DB,麗築東京天后之星,4B號,,112_03,,,,,,,,,,,,,,,,,,,
,,,,,,,,,,,,,,,,,,,,,,,,,,,,,,,台東市,房地(土地+建物)+車位,臺東縣臺東市仁愛街29號旁,34.27,住,,,1120628.0,土地1建物1車位1,五層,5.0,華廈(10層含以下有電梯),住家用,鋼筋混凝土造,,101.19,2.0,2.0,2.0,有,無,8750000.0,88886.0,一樓平面,14.0,1000000.0,車位編號 : 自設車位4號,RPQNMLPJPHIGFAV07DB,麗築東京天后之星,5B號,,112_03,,,,,,,,,,,,,,,,,,,
,,,,,,,,,,,,,,,,,,,,,,,,,,,,,,,台東市,房地(土地+建物)+車位,臺東縣臺東市仁愛街29號旁,34.62,住,,,1120630.0,土地1建物1車位1,四層,5.0,華廈(10層含以下有電梯),住家用,鋼筋混凝土造,,102.17,2.0,2.0,1.0,有,無,8400000.0,83929.0,一樓平面,14.0,1000000.0,車位編號:自設停車5號,RPRNMLPJPHIGFAV17DB,麗築東京天后之星,4C號,,112_03,,,,,,,,,,,,,,,,,,,
,,,,,,,,,,,,,,,,,,,,,,,,,,,,,,,台東市,房地(土地+建物)+車位,臺東縣臺東市復興路117號,31.82,住,,,1120615.0,土地5建物1車位1,十層,10.0,華廈(10層含以下有電梯),住家用,鋼筋混凝土造,,129.11,3.0,2.0,2.0,有,無,10900000.0,85008.0,坡道平面,12.65,1000000.0,,RPPNMLRJPHIGFAV07CB,富湛,1棟10D號,,112_03,,,,,,,,,,,,,,,,,,,
,,,,,,,,,,,,,,,,,,,,,,,,,,,,,,,台東市,房地(土地+建物)+車位,臺東縣臺東市四維路二段246號旁浙江路的右側,23.15,住,,,1120618.0,土地2建物1車位0,四層,12.0,住宅大樓(11層含以上有電梯),見其他登記事項,鋼筋混凝土造,,82.08,2.0,1.0,1.0,有,無,6530000.0,79557.0,,0.0,0.0,,RPQNMLKKPHIGFAV56CB,達永崌里東,A12號,,112_03,,,,,,,,,,,,,,,,,,,
,,,,,,,,,,,,,,,,,,,,,,,,,,,,,,,台東市,房地(土地+建物)+車位,臺東縣臺東市四維路二段246號旁浙江路的右側,23.15,住,,,1120627.0,土地2建物1車位1,二層,12.0,住宅大樓(11層含以上有電梯),見其他登記事項,鋼筋混凝土造,,115.24,2.0,1.0,1.0,有,無,7530000.0,80288.0,坡道平面,33.16,940000.0,,RPRNMLKKPHIGFAV66CB,達永崌里東,A12號,,112_03,,,,,,,,,,,,,,,,,,,
,,,,,,,,,,,,,,,,,,,,,,,,,,,,,,,台東市,房地(土地+建物)+車位,臺東縣臺東市四維路二段246號旁浙江路的右側,26.77,住,,,1120618.0,土地2建物1車位1,五層,12.0,住宅大樓(11層含以上有電梯),見其他登記事項,鋼筋混凝土造,,128.13,2.0,2.0,2.0,有,無,8660000.0,80762.0,坡道平面,33.16,990000.0,,RPSNMLKKPHIGFAV76CB,達永崌里東,A5號,,112_03,,,,,,,,,,,,,,,,,,,
,,,,,,,,,,,,,,,,,,,,,,,,,,,,,,,台東市,房地(土地+建物)+車位,臺東縣臺東市四維路二段246號旁浙江路的右側,26.8,住,,,1120630.0,土地2建物1車位1,七層,12.0,住宅大樓(11層含以上有電梯),見其他登記事項,鋼筋混凝土造,,128.14,2.0,2.0,2.0,有,無,8830000.0,82544.0,坡道平面,33.16,990000.0,,RPTNMLKKPHIGFAV86CB,達永崌里東,A8號,,112_03,,,,,,,,,,,,,,,,,,,
,,,,,,,,,,,,,,,,,,,,,,,,,,,,,,,台東市,房地(土地+建物)+車位,臺東縣臺東市四維路二段246號旁浙江路的右側,17.32,住,,,1120626.0,土地2建物1車位1,十二層,12.0,住宅大樓(11層含以上有電梯),見其他登記事項,鋼筋混凝土造,,77.93,2.0,1.0,1.0,有,無,7030000.0,103993.0,坡道機械,16.58,650000.0,A09戶一房方案，附冷氣一式交易總價含下列非屬預售屋價格之費用:含裝潢費740000元；含傢俱設備費140000元；,RPUNMLKKPHIGFAV96CB,達永崌里東,A9號,,112_03,,,,,,,,,,,,,,,,,,,
,,,,,,,,,,,,,,,,,,,,,,,,,,,,,,,台東市,房地(土地+建物)+車位,臺東縣臺東市臺東縣臺東市興盛路11號之附近,108.09,住,,,1120629.0,土地1建物1車位1,全,3.0,透天厝,住家用,鋼筋混凝土造,,202.22,4.0,2.0,5.0,有,無,15200000.0,75166.0,其他,0.0,0.0,,RPPNMLMKPHIGFAV66CB,台東市清榮95地號9戶住宅新建工程,B1棟0號,,112_03,,,,,,,,,,,,,,,,,,,
,,,,,,,,,,,,,,,,,,,,,,,,,,,,,,,台東市,房地(土地+建物)+車位,臺東縣臺東市四維路二段246號旁浙江路的右側,23.15,住,,,1120622.0,土地2建物1車位1,十二層,12.0,住宅大樓(11層含以上有電梯),見其他登記事項,鋼筋混凝土造,,115.24,2.0,1.0,1.0,有,無,8330000.0,89547.0,坡道平面,33.16,980000.0,,RPQNMLNKPHIGFAV86CB,達永崌里東,A12號,,112_03,,,,,,,,,,,,,,,,,,,
,,,,,,,,,,,,,,,,,,,,,,,,,,,,,,,台東市,房地(土地+建物)+車位,臺東縣臺東市四維路二段235號旁,34.47,住,,,1120703.0,土地4建物1車位1,十二層,13.0,住宅大樓(11層含以上有電梯),見其他登記事項,鋼筋混凝土造,,162.08,3.0,2.0,2.0,有,無,11950000.0,87143.0,坡道平面,36.31,990000.0,,RPRNMLNKPHIGFAV96CB,達永吾南室,A1號,,112_03,,,,,,,,,,,,,,,,,,,
,,,,,,,,,,,,,,,,,,,,,,,,,,,,,,,台東市,房地(土地+建物)+車位,臺東縣臺東市興盛路313巷16弄12號隔壁,49.2,住,,,1120712.0,土地1建物1車位1,二層,5.0,華廈(10層含以下有電梯),住家用,鋼筋混凝土造,,158.28,3.0,2.0,2.0,有,無,9760000.0,63378.0,一樓平面,13.75,600000.0,,RPSNMLNKPHIGFAV07CB,悅欣贊電梯公寓,2A號,,112_03,,,,,,,,,,,,,,,,,,,
,,,,,,,,,,,,,,,,,,,,,,,,,,,,,,,台東市,房地(土地+建物)+車位,臺東縣臺東市興盛路313巷16弄12號隔壁,47.77,住,,,1120712.0,土地1建物1車位1,二層,5.0,華廈(10層含以下有電梯),住家用,鋼筋混凝土造,,154.16,3.0,2.0,2.0,有,無,9710000.0,64881.0,一樓平面,13.75,600000.0,,RPTNMLNKPHIGFAV17CB,悅欣贊電梯公寓,3A號,,112_03,,,,,,,,,,,,,,,,,,,
,,,,,,,,,,,,,,,,,,,,,,,,,,,,,,,台東市,房地(土地+建物)+車位,臺東縣臺東市四維路二段235號旁,43.51,住,,,1120630.0,土地4建物1車位1,五層,13.0,住宅大樓(11層含以上有電梯),見其他登記事項,鋼筋混凝土造,,194.96,4.0,2.0,3.0,有,無,15050000.0,88623.0,坡道平面,36.31,990000.0,,RPWNMLNKPHIGFAV47CB,達永吾南室,A3號,,112_03,,,,,,,,,,,,,,,,,,,
,,,,,,,,,,,,,,,,,,,,,,,,,,,,,,,台東市,房地(土地+建物)+車位,臺東縣臺東市四維路二段235號旁,43.11,住,,,1120708.0,土地4建物1車位1,十二層,13.0,住宅大樓(11層含以上有電梯),見其他登記事項,鋼筋混凝土造,,193.5,4.0,2.0,3.0,有,無,14680000.0,87092.0,坡道平面,36.31,990000.0,,RPXNMLNKPHIGFAV57CB,達永吾南室,A2號,,112_03,,,,,,,,,,,,,,,,,,,
,,,,,,,,,,,,,,,,,,,,,,,,,,,,,,,台東市,房地(土地+建物)+車位,臺東縣臺東市四維路二段235號旁,34.47,住,,,1120627.0,土地4建物1車位1,十層,13.0,住宅大樓(11層含以上有電梯),見其他登記事項,鋼筋混凝土造,,162.08,3.0,2.0,2.0,有,無,12010000.0,87143.0,坡道平面,36.31,1050000.0,,RPOOMLNKPHIGFAV76CB,達永吾南室,A5號,,112_03,,,,,,,,,,,,,,,,,,,
,,,,,,,,,,,,,,,,,,,,,,,,,,,,,,,台東市,房地(土地+建物)+車位,臺東縣臺東市四維路二段235號旁,34.47,住,,,1120630.0,土地4建物1車位2,四層,13.0,住宅大樓(11層含以上有電梯),見其他登記事項,鋼筋混凝土造,,198.39,3.0,2.0,2.0,有,無,11840000.0,77443.0,坡道平面,72.62,2100000.0,,RPPOMLNKPHIGFAV86CB,達永吾南室,A1號,,112_03,,,,,,,,,,,,,,,,,,,
,,,,,,,,,,,,,,,,,,,,,,,,,,,,,,,台東市,房地(土地+建物)+車位,臺東縣臺東市四維路二段235號旁,43.51,住,,,1120629.0,土地4建物1車位1,十二層,13.0,住宅大樓(11層含以上有電梯),見其他登記事項,鋼筋混凝土造,,194.96,4.0,2.0,3.0,有,無,14910000.0,87740.0,坡道平面,36.31,990000.0,,RPQOMLNKPHIGFAV96CB,達永吾南室,A3號,,112_03,,,,,,,,,,,,,,,,,,,
,,,,,,,,,,,,,,,,,,,,,,,,,,,,,,,台東市,房地(土地+建物)+車位,臺東縣臺東市四維路二段235號旁,34.47,住,,,1120629.0,土地4建物1車位1,八層,13.0,住宅大樓(11層含以上有電梯),見其他登記事項,鋼筋混凝土造,,162.08,3.0,2.0,2.0,有,無,11930000.0,86507.0,坡道平面,36.31,1050000.0,,RPROMLNKPHIGFAV07CB,達永吾南室,A5號,,112_03,,,,,,,,,,,,,,,,,,,
,,,,,,,,,,,,,,,,,,,,,,,,,,,,,,,台東市,房地(土地+建物)+車位,臺東縣臺東市四維路二段235號旁,34.47,住,,,1120629.0,土地4建物1車位1,十一層,13.0,住宅大樓(11層含以上有電梯),見其他登記事項,鋼筋混凝土造,,162.08,3.0,2.0,2.0,有,無,12370000.0,90483.0,坡道平面,36.31,990000.0,,RPSOMLNKPHIGFAV17CB,達永吾南室,A5號,,112_03,,,,,,,,,,,,,,,,,,,
,,,,,,,,,,,,,,,,,,,,,,,,,,,,,,,台東市,房地(土地+建物)+車位,臺東縣臺東市四維路二段235號旁,43.51,住,,,1120627.0,土地4建物1車位1,八層,13.0,住宅大樓(11層含以上有電梯),見其他登記事項,鋼筋混凝土造,,194.96,4.0,2.0,3.0,有,無,14720000.0,86543.0,坡道平面,36.31,990000.0,,RPTOMLNKPHIGFAV27CB,達永吾南室,A3號,,112_03,,,,,,,,,,,,,,,,,,,
,,,,,,,,,,,,,,,,,,,,,,,,,,,,,,,台東市,房地(土地+建物)+車位,臺東縣臺東市四維路二段235號旁,43.51,住,,,1120629.0,土地4建物1車位1,十層,13.0,住宅大樓(11層含以上有電梯),見其他登記事項,鋼筋混凝土造,,194.96,4.0,2.0,3.0,有,無,14810000.0,87110.0,坡道平面,36.31,990000.0,,RPUOMLNKPHIGFAV37CB,達永吾南室,A3號,,112_03,,,,,,,,,,,,,,,,,,,
,,,,,,,,,,,,,,,,,,,,,,,,,,,,,,,台東市,房地(土地+建物)+車位,臺東縣臺東市四維路二段235號旁,43.51,住,,,1120628.0,土地4建物1車位1,二層,13.0,住宅大樓(11層含以上有電梯),見其他登記事項,鋼筋混凝土造,,194.96,4.0,2.0,3.0,有,無,16010000.0,94674.0,坡道平面,36.31,990000.0,,RPVOMLNKPHIGFAV47CB,達永吾南室,A3號,,112_03,,,,,,,,,,,,,,,,,,,
,,,,,,,,,,,,,,,,,,,,,,,,,,,,,,,台東市,房地(土地+建物)+車位,臺東縣臺東市四維路二段235號旁,34.47,住,,,1120628.0,土地4建物1車位1,五層,13.0,住宅大樓(11層含以上有電梯),見其他登記事項,鋼筋混凝土造,,162.08,3.0,2.0,2.0,有,無,11760000.0,85633.0,坡道平面,36.31,990000.0,,RPWOMLNKPHIGFAV57CB,達永吾南室,A5號,,112_03,,,,,,,,,,,,,,,,,,,
,,,,,,,,,,,,,,,,,,,,,,,,,,,,,,,台東市,房地(土地+建物)+車位,臺東縣臺東市四維路二段235號旁,34.47,住,,,1120708.0,土地4建物1車位1,十一層,13.0,住宅大樓(11層含以上有電梯),見其他登記事項,鋼筋混凝土造,,162.08,3.0,2.0,2.0,有,無,11910000.0,86825.0,坡道平面,36.31,990000.0,,RPXOMLNKPHIGFAV67CB,達永吾南室,A1號,,112_03,,,,,,,,,,,,,,,,,,,
,,,,,,,,,,,,,,,,,,,,,,,,,,,,,,,台東市,房地(土地+建物)+車位,臺東縣臺東市四維路二段235號旁,34.47,住,,,1120707.0,土地4建物1車位1,六層,13.0,住宅大樓(11層含以上有電梯),見其他登記事項,鋼筋混凝土造,,162.08,3.0,2.0,2.0,有,無,11930000.0,86507.0,坡道平面,36.31,1050000.0,,RPOPMLNKPHIGFAV86CB,達永吾南室,A5號,,112_03,,,,,,,,,,,,,,,,,,,
,,,,,,,,,,,,,,,,,,,,,,,,,,,,,,,台東市,房地(土地+建物)+車位,臺東縣臺東市四維路二段235號旁,43.51,住,,,1120629.0,土地4建物1車位1,九層,13.0,住宅大樓(11層含以上有電梯),見其他登記事項,鋼筋混凝土造,,194.96,4.0,2.0,3.0,有,無,14820000.0,86795.0,坡道平面,36.31,1050000.0,,RPPPMLNKPHIGFAV96CB,達永吾南室,A3號,,112_03,,,,,,,,,,,,,,,,,,,
,,,,,,,,,,,,,,,,,,,,,,,,,,,,,,,台東市,房地(土地+建物)+車位,臺東縣臺東市四維路二段235號旁,43.51,住,,,1120629.0,土地4建物1車位1,七層,13.0,住宅大樓(11層含以上有電梯),見其他登記事項,鋼筋混凝土造,,194.96,4.0,2.0,3.0,有,無,14730000.0,86228.0,坡道平面,36.31,1050000.0,,RPQPMLNKPHIGFAV07CB,達永吾南室,A3號,,112_03,,,,,,,,,,,,,,,,,,,
,,,,,,,,,,,,,,,,,,,,,,,,,,,,,,,台東市,房地(土地+建物)+車位,臺東縣臺東市四維路二段235號旁,34.47,住,,,1120628.0,土地4建物1車位1,七層,13.0,住宅大樓(11層含以上有電梯),見其他登記事項,鋼筋混凝土造,,162.08,3.0,2.0,2.0,有,無,11890000.0,86189.0,坡道平面,36.31,1050000.0,,RPRPMLNKPHIGFAV17CB,達永吾南室,A5號,,112_03,,,,,,,,,,,,,,,,,,,
,,,,,,,,,,,,,,,,,,,,,,,,,,,,,,,台東市,房地(土地+建物)+車位,臺東縣臺東市四維路二段235號旁,43.51,住,,,1120629.0,土地4建物1車位1,十一層,13.0,住宅大樓(11層含以上有電梯),見其他登記事項,鋼筋混凝土造,,194.96,4.0,2.0,3.0,有,無,14960000.0,88055.0,坡道平面,36.31,990000.0,,RPSPMLNKPHIGFAV27CB,達永吾南室,A3號,,112_03,,,,,,,,,,,,,,,,,,,
,,,,,,,,,,,,,,,,,,,,,,,,,,,,,,,台東市,房地(土地+建物)+車位,臺東縣臺東市四維路二段235號旁,34.47,住,,,1120701.0,土地4建物1車位1,十二層,13.0,住宅大樓(11層含以上有電梯),見其他登記事項,鋼筋混凝土造,,162.08,3.0,2.0,2.0,有,無,12410000.0,90801.0,坡道平面,36.31,990000.0,,RPTPMLNKPHIGFAV37CB,達永吾南室,A5號,,112_03,,,,,,,,,,,,,,,,,,,
,,,,,,,,,,,,,,,,,,,,,,,,,,,,,,,台東市,房地(土地+建物)+車位,臺東縣臺東市四維路二段235號旁,34.47,住,,,1120629.0,土地4建物1車位1,十層,13.0,住宅大樓(11層含以上有電梯),見其他登記事項,鋼筋混凝土造,,162.08,3.0,2.0,2.0,有,無,11850000.0,86507.0,坡道平面,36.31,970000.0,,RPUPMLNKPHIGFAV47CB,達永吾南室,A1號,,112_03,,,,,,,,,,,,,,,,,,,
,,,,,,,,,,,,,,,,,,,,,,,,,,,,,,,台東市,房地(土地+建物),臺東縣臺東市興盛路313巷16弄12號隔壁,41.35,住,,,1120714.0,土地1建物1車位0,二層,5.0,華廈(10層含以下有電梯),住家用,鋼筋混凝土造,,121.57,3.0,2.0,2.0,有,無,7350000.0,60459.0,,0.0,0.0,,RPPNMLQKPHIGFAV07CB,悅欣贊電梯公寓,2B號,,112_03,,,,,,,,,,,,,,,,,,,
,,,,,,,,,,,,,,,,,,,,,,,,,,,,,,,台東市,房地(土地+建物)+車位,臺東縣臺東市更生路1250號旁臺東市南榮段1069 地號,52.75,住,,,1120709.0,土地2建物1車位1,七層,15.0,住宅大樓(11層含以上有電梯),住家用,鋼筋混凝土造,,155.92,3.0,2.0,2.0,有,無,9600000.0,71423.0,坡道平面,35.93,1030000.0,,RPPNMLSKPHIGFAV27CB,悅山水,A棟7號,,112_03,,,,,,,,,,,,,,,,,,,
,,,,,,,,,,,,,,,,,,,,,,,,,,,,,,,台東市,房地(土地+建物)+車位,臺東縣臺東市更生路1250號旁臺東市南榮段1069 地號,35.74,住,,,1120710.0,土地2建物1車位1,八層,15.0,住宅大樓(11層含以上有電梯),住家用,鋼筋混凝土造,,117.36,2.0,2.0,1.0,有,無,6810000.0,72209.0,坡道平面,35.93,930000.0,,RPQNMLSKPHIGFAV37CB,悅山水,C棟8號,,112_03,,,,,,,,,,,,,,,,,,,
,,,,,,,,,,,,,,,,,,,,,,,,,,,,,,,台東市,房地(土地+建物)+車位,臺東縣臺東市更生路1250號旁臺東市南榮段1069 地號,35.74,住,,,1120711.0,土地2建物1車位1,四層,15.0,住宅大樓(11層含以上有電梯),住家用,鋼筋混凝土造,,117.36,2.0,2.0,1.0,有,無,6490000.0,67665.0,坡道平面,35.93,980000.0,,RPRNMLSKPHIGFAV47CB,悅山水,B棟4號,,112_03,,,,,,,,,,,,,,,,,,,
,,,,,,,,,,,,,,,,,,,,,,,,,,,,,,,台東市,房地(土地+建物)+車位,臺東縣臺東市更生路1250號旁臺東市南榮段1069 地號,35.74,住,,,1120715.0,土地2建物1車位1,六層,15.0,住宅大樓(11層含以上有電梯),住家用,鋼筋混凝土造,,117.36,2.0,2.0,1.0,有,無,6790000.0,71350.0,坡道平面,35.93,980000.0,,RPSNMLSKPHIGFAV57CB,悅山水,C棟6號,,112_03,,,,,,,,,,,,,,,,,,,
,,,,,,,,,,,,,,,,,,,,,,,,,,,,,,,台東市,房地(土地+建物)+車位,臺東縣臺東市國泰街71號旁,113.42,住,,,1120521.0,土地1建物1車位1,全,3.0,透天厝,住家用,鋼筋混凝土造,,204.38,4.0,2.0,5.0,有,無,15200000.0,74371.0,其他,0.0,0.0,,RPQNMLSKPHIGFAV47DB,國泰精品,A棟3號,,112_03,,,,,,,,,,,,,,,,,,,
,,,,,,,,,,,,,,,,,,,,,,,,,,,,,,,台東市,房地(土地+建物),臺東縣臺東市南王段592-13,131.11,住,,,1120719.0,土地6建物1車位0,全,3.0,透天厝,住家用,鋼筋混凝土造,,176.91,4.0,2.0,4.0,有,無,13200000.0,74614.0,,0.0,0.0,1.賣方同意贈送車庫遮雨棚採光罩，樣式由賣方決定。廚具費:100000元,RPQNMLOLPHIGFAV07CB,南王富御住宅,B棟B號,,112_03,,,,,,,,,,,,,,,,,,,
,,,,,,,,,,,,,,,,,,,,,,,,,,,,,,,台東市,房地(土地+建物)+車位,臺東縣臺東市中華路三段205號旁,62.59,,鄉村區,乙種建築用地,1120707.0,土地3建物1車位1,四層,5.0,華廈(10層含以下有電梯),住家用,鋼筋混凝土造,,176.6,3.0,2.0,2.0,有,無,10800000.0,72603.0,一樓平面,36.11,600000.0,,RPPNMLPLPHIGFAV07CB,豐里好好,4A號,,112_03,,,,,,,,,,,,,,,,,,,
,,,,,,,,,,,,,,,,,,,,,,,,,,,,,,,台東市,房地(土地+建物)+車位,臺東縣臺東市更生路1250號旁臺東市南榮段1069 地號,52.75,住,,,1120723.0,土地2建物1車位1,九層,15.0,住宅大樓(11層含以上有電梯),住家用,鋼筋混凝土造,,155.92,3.0,2.0,2.0,有,無,9800000.0,72673.0,坡道平面,35.93,1080000.0,,RPPNMLQLPHIGFAV17CB,悅山水,D棟9號,,112_03,,,,,,,,,,,,,,,,,,,
,,,,,,,,,,,,,,,,,,,,,,,,,,,,,,,台東市,房地(土地+建物)+車位,臺東縣卑南鄉興航街72號旁,52.0,住,,,1120630.0,土地1建物1車位1,一層,5.0,華廈(10層含以下有電梯),見其他登記事項,鋼筋混凝土造,,134.78,3.0,2.0,2.0,有,無,10500000.0,77905.0,其他,0.0,0.0,,RPPNMLSLPHIGFAV37CB,齊揚日光A區,A棟1A1號,,112_03,,,,,,,,,,,,,,,,,,,
,,,,,,,,,,,,,,,,,,,,,,,,,,,,,,,台東市,房地(土地+建物)+車位,臺東縣臺東市興盛路313巷16弄12號隔壁,48.12,住,,,1120712.0,土地1建物1車位1,四層,5.0,華廈(10層含以下有電梯),住家用,鋼筋混凝土造,,162.44,3.0,2.0,2.0,有,無,10080000.0,65611.0,一樓平面,21.0,800000.0,,RPPNMLNJQHIGFAV76CB,悅欣贊電梯公寓,4A號,,112_03,,,,,,,,,,,,,,,,,,,
,,,,,,,,,,,,,,,,,,,,,,,,,,,,,,,台東市,房地(土地+建物),臺東縣臺東市興盛路313巷16弄12號隔壁,41.35,住,,,1120801.0,土地1建物1車位0,二層,5.0,華廈(10層含以下有電梯),住家用,鋼筋混凝土造,,121.57,3.0,2.0,2.0,有,無,7800000.0,64161.0,,0.0,0.0,,RPPNMLSJQHIGFAV27CB,悅欣贊電梯公寓,3B號,,112_03,,,,,,,,,,,,,,,,,,,
,,,,,,,,,,,,,,,,,,,,,,,,,,,,,,,台東市,房地(土地+建物),臺東縣臺東市興盛路313巷16弄12號隔壁,41.35,住,,,1120801.0,土地1建物1車位0,二層,5.0,華廈(10層含以下有電梯),住家用,鋼筋混凝土造,,121.57,3.0,2.0,2.0,有,無,8000000.0,65806.0,,0.0,0.0,,RPQNMLSJQHIGFAV37CB,悅欣贊電梯公寓,4B號,,112_03,,,,,,,,,,,,,,,,,,,
,,,,,,,,,,,,,,,,,,,,,,,,,,,,,,,台東市,房地(土地+建物),臺東縣臺東市中正路131號後方,14.79,商,,,1120720.0,土地3建物1車位0,十四層,14.0,住宅大樓(11層含以上有電梯),住家用,鋼筋混凝土造,,82.56,2.0,2.0,2.0,有,無,7000000.0,84787.0,,0.0,0.0,,RPPNMLTJQHIGFAV37CB,大同富御,1棟14E號,,112_03,,,,,,,,,,,,,,,,,,,
,,,,,,,,,,,,,,,,,,,,,,,,,,,,,,,台東市,房地(土地+建物)+車位,臺東縣臺東市中正路131號後方,19.75,商,,,1120720.0,土地3建物1車位1,五層,14.0,住宅大樓(11層含以上有電梯),住家用,鋼筋混凝土造,,124.05,2.0,2.0,2.0,有,無,9300000.0,75884.0,坡道平面,13.75,930000.0,,RPQNMLTJQHIGFAV47CB,大同富御,1棟5G號,,112_03,,,,,,,,,,,,,,,,,,,
,,,,,,,,,,,,,,,,,,,,,,,,,,,,,,,台東市,房地(土地+建物)+車位,臺東縣臺東市中正路131號後方,19.75,商,,,1120805.0,土地3建物1車位1,十二層,14.0,住宅大樓(11層含以上有電梯),住家用,鋼筋混凝土造,,122.95,2.0,2.0,2.0,有,無,10080000.0,83228.0,坡道平面,12.65,900000.0,,RPRNMLTJQHIGFAV57CB,大同富御,1棟12G號,,112_03,,,,,,,,,,,,,,,,,,,
,,,,,,,,,,,,,,,,,,,,,,,,,,,,,,,台東市,房地(土地+建物),臺東縣臺東市中正路131號後方,14.79,商,,,1120805.0,土地3建物1車位0,十四層,14.0,住宅大樓(11層含以上有電梯),住家用,鋼筋混凝土造,,82.56,2.0,2.0,2.0,有,無,6950000.0,84181.0,,0.0,0.0,,RPSNMLTJQHIGFAV67CB,大同富御,1棟14F號,,112_03,,,,,,,,,,,,,,,,,,,
,,,,,,,,,,,,,,,,,,,,,,,,,,,,,,,台東市,房地(土地+建物)+車位,臺東縣臺東市中正路131號後方,19.75,商,,,1120805.0,土地3建物1車位1,十二層,14.0,住宅大樓(11層含以上有電梯),住家用,鋼筋混凝土造,,124.05,2.0,2.0,2.0,有,無,10100000.0,83137.0,坡道平面,13.75,930000.0,,RPTNMLTJQHIGFAV77CB,大同富御,1棟12D號,,112_03,,,,,,,,,,,,,,,,,,,
,,,,,,,,,,,,,,,,,,,,,,,,,,,,,,,台東市,房地(土地+建物)+車位,臺東縣臺東市興盛路11號之附近,110.39,住,,,1120730.0,土地1建物1車位1,全,3.0,透天厝,住家用,鋼筋混凝土造,,202.22,4.0,2.0,5.0,有,無,15300000.0,75660.0,其他,0.0,0.0,,RPPNMLKKQHIGFAV56CB,台東市清榮95地號9戶住宅新建工程,A5棟0號,,112_03,,,,,,,,,,,,,,,,,,,
,,,,,,,,,,,,,,,,,,,,,,,,,,,,,,,台東市,房地(土地+建物)+車位,臺東縣臺東市四維路二段235號旁,34.47,住,,,1120724.0,土地4建物1車位1,四層,13.0,住宅大樓(11層含以上有電梯),見其他登記事項,鋼筋混凝土造,,162.08,3.0,2.0,2.0,有,無,11950000.0,87143.0,坡道平面,36.31,990000.0,,RPQNMLKKQHIGFAV66CB,達永吾南室,A5號,,112_03,,,,,,,,,,,,,,,,,,,
,,,,,,,,,,,,,,,,,,,,,,,,,,,,,,,台東市,房地(土地+建物)+車位,臺東縣臺東市四維路二段235號旁,34.47,住,,,1120725.0,土地4建物1車位1,三層,13.0,住宅大樓(11層含以上有電梯),見其他登記事項,鋼筋混凝土造,,162.08,3.0,2.0,2.0,有,無,11950000.0,86825.0,坡道平面,36.31,1030000.0,,RPRNMLKKQHIGFAV76CB,達永吾南室,A5號,,112_03,,,,,,,,,,,,,,,,,,,
,,,,,,,,,,,,,,,,,,,,,,,,,,,,,,,台東市,房地(土地+建物)+車位,臺東縣臺東市四維路二段235號旁,34.47,住,,,1120720.0,土地4建物1車位1,七層,13.0,住宅大樓(11層含以上有電梯),見其他登記事項,鋼筋混凝土造,,162.08,3.0,2.0,2.0,有,無,11360000.0,82611.0,坡道平面,36.31,970000.0,,RPSNMLKKQHIGFAV86CB,達永吾南室,A1號,,112_03,,,,,,,,,,,,,,,,,,,
,,,,,,,,,,,,,,,,,,,,,,,,,,,,,,,台東市,房地(土地+建物)+車位,臺東縣臺東市四維路二段235號旁,34.47,住,,,1120716.0,土地4建物1車位1,九層,13.0,住宅大樓(11層含以上有電梯),見其他登記事項,鋼筋混凝土造,,162.08,3.0,2.0,2.0,有,無,11830000.0,86189.0,坡道平面,36.31,990000.0,,RPTNMLKKQHIGFAV96CB,達永吾南室,A1號,,112_03,,,,,,,,,,,,,,,,,,,
,,,,,,,,,,,,,,,,,,,,,,,,,,,,,,,台東市,房地(土地+建物)+車位,臺東縣臺東市四維路二段235號旁,43.51,住,,,1120730.0,土地4建物1車位1,三層,13.0,住宅大樓(11層含以上有電梯),見其他登記事項,鋼筋混凝土造,,194.96,4.0,2.0,3.0,有,無,14970000.0,88055.0,坡道平面,36.31,1000000.0,,RPUNMLKKQHIGFAV07CB,達永吾南室,A3號,,112_03,,,,,,,,,,,,,,,,,,,
,,,,,,,,,,,,,,,,,,,,,,,,,,,,,,,台東市,房地(土地+建物)+車位,臺東縣臺東市四維路二段235號旁,43.11,住,,,1120721.0,土地4建物1車位1,六層,13.0,住宅大樓(11層含以上有電梯),見其他登記事項,鋼筋混凝土造,,193.5,4.0,2.0,3.0,有,無,14460000.0,85311.0,坡道平面,36.31,1050000.0,,RPVNMLKKQHIGFAV17CB,達永吾南室,A2號,,112_03,,,,,,,,,,,,,,,,,,,
,,,,,,,,,,,,,,,,,,,,,,,,,,,,,,,台東市,房地(土地+建物)+車位,臺東縣臺東市四維路二段235號旁,34.47,住,,,1120731.0,土地4建物1車位1,五層,13.0,住宅大樓(11層含以上有電梯),見其他登記事項,鋼筋混凝土造,,162.08,3.0,2.0,2.0,有,無,11720000.0,84996.0,坡道平面,36.31,1030000.0,,RPWNMLKKQHIGFAV27CB,達永吾南室,A1號,,112_03,,,,,,,,,,,,,,,,,,,
,,,,,,,,,,,,,,,,,,,,,,,,,,,,,,,台東市,房地(土地+建物)+車位,臺東縣臺東市四維路二段246號旁浙江路的右側,17.32,住,,,1120807.0,土地2建物1車位0,五層,12.0,住宅大樓(11層含以上有電梯),見其他登記事項,鋼筋混凝土造,,61.35,2.0,1.0,1.0,有,無,6040000.0,98452.0,,0.0,0.0,A02戶一房方案，附冷氣一式交易總價含下列非屬預售屋價格之費用:含裝潢費740000元；含傢俱設備費140000元；,RPOOMLKKQHIGFAV56CB,達永崌里東,A2號,,112_03,,,,,,,,,,,,,,,,,,,
,,,,,,,,,,,,,,,,,,,,,,,,,,,,,,,台東市,房地(土地+建物)+車位,臺東縣臺東市四維路二段235號旁,34.47,住,,,1120801.0,土地4建物1車位1,二層,13.0,住宅大樓(11層含以上有電梯),見其他登記事項,鋼筋混凝土造,,162.08,3.0,2.0,2.0,有,無,12010000.0,87620.0,坡道平面,36.31,990000.0,,RPPOMLKKQHIGFAV66CB,達永吾南室,A5號,,112_03,,,,,,,,,,,,,,,,,,,
,,,,,,,,,,,,,,,,,,,,,,,,,,,,,,,台東市,房地(土地+建物)+車位,臺東縣臺東市仁愛街29號旁,44.91,住,,,1120731.0,土地1建物1車位1,三層,5.0,華廈(10層含以下有電梯),住家用,鋼筋混凝土造,,124.37,3.0,2.0,2.0,有,無,10380000.0,82889.0,一樓平面,10.0,900000.0,,RPPNMLPKQHIGFAV17DB,麗築東京天后之星,3A號,,112_03,,,,,,,,,,,,,,,,,,,
,,,,,,,,,,,,,,,,,,,,,,,,,,,,,,,台東市,房地(土地+建物)+車位,臺東縣臺東市四維路二段235號旁,43.11,住,,,1120724.0,土地4建物1車位1,八層,13.0,住宅大樓(11層含以上有電梯),見其他登記事項,鋼筋混凝土造,,193.5,4.0,2.0,3.0,有,無,14530000.0,85883.0,坡道平面,36.31,1030000.0,,RPPNMLQKQHIGFAV17CB,達永吾南室,A2號,,112_03,,,,,,,,,,,,,,,,,,,
,,,,,,,,,,,,,,,,,,,,,,,,,,,,,,,台東市,房地(土地+建物),臺東縣臺東市中興路三段275巷46弄19號之對面,97.26,住,,,1120706.0,土地1建物1車位0,全,3.0,透天厝,住家用,鋼筋混凝土造,,186.0,4.0,2.0,5.0,有,無,11800000.0,63441.0,,0.0,0.0,,RPQNMLNLQHIGFAV07CB,中興新村,V18棟無號,,112_03,,,,,,,,,,,,,,,,,,,
,,,,,,,,,,,,,,,,,,,,,,,,,,,,,,,台東市,房地(土地+建物)+車位,臺東縣臺東市更生路1250號旁臺東市南榮段1069 地號,35.74,住,,,1120807.0,土地2建物1車位1,六層,15.0,住宅大樓(11層含以上有電梯),住家用,鋼筋混凝土造,,117.36,2.0,2.0,1.0,有,無,6720000.0,71841.0,坡道平面,35.93,870000.0,,RPPNMLOLQHIGFAV07CB,悅山水,B棟6號,,112_03,,,,,,,,,,,,,,,,,,,
,,,,,,,,,,,,,,,,,,,,,,,,,,,,,,,台東市,房地(土地+建物)+車位,臺東縣臺東市更生路1250號旁臺東市南榮段1069 地號,52.75,住,,,1120809.0,土地2建物1車位1,六層,15.0,住宅大樓(11層含以上有電梯),住家用,鋼筋混凝土造,,155.92,3.0,2.0,2.0,有,無,9720000.0,72923.0,坡道平面,35.93,970000.0,,RPQNMLOLQHIGFAV17CB,悅山水,D棟6號,,112_03,,,,,,,,,,,,,,,,,,,
,,,,,,,,,,,,,,,,,,,,,,,,,,,,,,,台東市,房地(土地+建物)+車位,,,住,,,,,,,,,鋼筋混凝土造,,,3.0,2.0,,有,無,,,,,,,,,,,112_04,臺東縣臺東市四維路二段235號旁,34.47,1120811.0,土地4建物1車位1,六層,13.0,住宅大樓(11層含以上有電梯),見其他登記事項,162.08,2.0,12140000.0,88336.0,坡道平面,36.31,1030000.0,,RPQNMLQKQHIGFAV27CB,達永吾南室,A1號
,,,,,,,,,,,,,,,,,,,,,,,,,,,,,,,台東市,房地(土地+建物)+車位,,,住,,,,,,,,,鋼筋混凝土造,,,4.0,5.0,,有,無,,,,,,,,,,,112_04,臺東縣臺東市國泰街71號旁,113.48,1120817.0,土地1建物1車位1,全,3.0,透天厝,住家用,203.46,2.0,15200000.0,74708.0,其他,0.0,0.0,,RPPNMLRKQHIGFAV37DB,國泰精品,A6號
,,,,,,,,,,,,,,,,,,,,,,,,,,,,,,,台東市,房地(土地+建物)+車位,,,住,,,,,,,,,鋼筋混凝土造,,,2.0,1.0,,有,無,,,,,,,,,,,112_04,臺東縣臺東市更生路1250號旁臺東市南榮段1069 地號,35.79,1120817.0,土地2建物1車位1,十二層,15.0,住宅大樓(11層含以上有電梯),住家用,117.36,2.0,6930000.0,73683.0,坡道平面,35.93,930000.0,,RPRNMLOLQHIGFAV27CB,悅山水,G棟12號
,,,,,,,,,,,,,,,,,,,,,,,,,,,,,,,台東市,房地(土地+建物)+車位,,,住,,,,,,,,,鋼筋混凝土造,,,3.0,2.0,,有,無,,,,,,,,,,,112_04,臺東縣臺東市更生路1250號旁臺東市南榮段1069 地號,52.75,1120823.0,土地2建物1車位1,十層,15.0,住宅大樓(11層含以上有電梯),住家用,155.92,2.0,9960000.0,74423.0,坡道平面,35.93,1030000.0,,RPSNMLOLQHIGFAV37CB,悅山水,D棟10號
,,,,,,,,,,,,,,,,,,,,,,,,,,,,,,,台東市,房地(土地+建物)+車位,,,住,,,,,,,,,鋼筋混凝土造,,,2.0,1.0,,有,無,,,,,,,,,,,112_04,臺東縣臺東市更生路1250號旁臺東市南榮段1069 地號,35.79,1120823.0,土地2建物1車位1,十二層,15.0,住宅大樓(11層含以上有電梯),住家用,117.36,2.0,6930000.0,73683.0,坡道平面,35.93,930000.0,,RPTNMLOLQHIGFAV47CB,悅山水,F棟12號
,,,,,,,,,,,,,,,,,,,,,,,,,,,,,,,台東市,房地(土地+建物)+車位,,,住,,,,,,,,,鋼筋混凝土造,,,3.0,2.0,,有,無,,,,,,,,,,,112_04,臺東縣臺東市興盛路313巷16弄12號隔壁,41.35,1120821.0,土地1建物1車位1,五層,5.0,華廈(10層含以下有電梯),住家用,134.22,2.0,8880000.0,67698.0,一樓平面,12.65,650000.0,,RPQNMLSLQHIGFAV57CB,悅欣贊電梯公寓,5B號
,,,,,,,,,,,,,,,,,,,,,,,,,,,,,,,台東市,房地(土地+建物)+車位,,,住,,,,,,,,,鋼筋混凝土造,,,3.0,2.0,,有,無,,,,,,,,,,,112_04,臺東縣臺東市興盛路313巷16弄12號隔壁,41.35,1120822.0,土地1建物1車位1,五層,5.0,華廈(10層含以下有電梯),住家用,155.19,2.0,9990000.0,66389.0,一樓平面,13.75,600000.0,,RPRNMLSLQHIGFAV67CB,悅欣贊電梯公寓,5A號
,,,,,,,,,,,,,,,,,,,,,,,,,,,,,,,台東市,房地(土地+建物)+車位,,,住,,,,,,,,,鋼筋混凝土造,,,4.0,5.0,,有,無,,,,,,,,,,,112_04,臺東縣臺東市岩灣段503-9地號,110.51,1120827.0,土地1建物1車位1,全,3.0,透天厝,住家用,185.32,2.0,14300000.0,77164.0,其他,0.0,0.0,,RPQNMLLJRHIGFAV86DB,晴杉建設-富田畫語,A3號
,,,,,,,,,,,,,,,,,,,,,,,,,,,,,,,台東市,房地(土地+建物)+車位,,,住,,,,,,,,,鋼筋混凝土造,,,4.0,5.0,,有,無,,,,,,,,,,,112_04,臺東縣臺東市興安段364-6地號,116.88,1120905.0,土地1建物1車位1,全,3.0,透天厝,住家用,190.15,2.0,14300000.0,75204.0,其他,0.0,0.0,,RPPNMLRJRHIGFAV27CB,采暘 心綻,A棟7號
,,,,,,,,,,,,,,,,,,,,,,,,,,,,,,,台東市,房地(土地+建物)+車位,,,住,,,,,,,,,鋼筋混凝土造,,,4.0,5.0,,有,無,,,,,,,,,,,112_04,臺東縣臺東市興盛路岩灣段503-6地號,110.41,1120815.0,土地1建物1車位1,全,3.0,透天厝,住家用,181.78,2.0,14300000.0,78667.0,其他,0.0,0.0,,RPQNMLRJRHIGFAV37CB,晴杉建設-富田畫語,A棟7號
,,,,,,,,,,,,,,,,,,,,,,,,,,,,,,,台東市,房地(土地+建物)+車位,,,住,,,,,,,,,鋼筋混凝土造,,,4.0,5.0,,有,無,,,,,,,,,,,112_04,臺東縣臺東市興盛路,110.48,1120901.0,土地1建物1車位1,全,3.0,透天厝,住家用,185.32,2.0,14300000.0,77164.0,其他,0.0,0.0,,RPQNMLRJRHIGFAV47DB,晴杉建設-富田畫語,A棟5號
,,,,,,,,,,,,,,,,,,,,,,,,,,,,,,,台東市,房地(土地+建物)+車位,,,,鄉村區,乙種建築用地,,,,,,,鋼筋混凝土造,,,3.0,2.0,,有,無,,,,,,,,,,,112_04,臺東縣臺東市中華路三段205號旁,62.59,1120826.0,土地3建物1車位1,三層,5.0,華廈(10層含以下有電梯),住家用,179.35,2.0,10900000.0,72603.0,一樓平面,38.86,700000.0,,RPPNMLNKRHIGFAV96CB,豐里好好,3A號
,,,,,,,,,,,,,,,,,,,,,,,,,,,,,,,台東市,房地(土地+建物)+車位,,,住,,,,,,,,,鋼筋混凝土造,,,2.0,1.0,,有,無,,,,,,,,,,,112_04,臺東縣臺東市四維路二段246號旁浙江路的右側,17.32,1120828.0,土地2建物1車位0,三層,12.0,住宅大樓(11層含以上有電梯),見其他登記事項,61.35,1.0,5950000.0,96985.0,,0.0,0.0,A03戶兩房方案，附冷氣一式交易總價含下列非屬預售屋價格之費用:含裝潢費680000元；含傢俱設備費200000元；,RPPNMLOKRHIGFAV07CB,達永崌里東,A3號
,,,,,,,,,,,,,,,,,,,,,,,,,,,,,,,台東市,房地(土地+建物)+車位,,,住,,,,,,,,,鋼筋混凝土造,,,2.0,1.0,,有,無,,,,,,,,,,,112_04,臺東縣臺東市四維路二段246號旁浙江路的右側,17.68,1120830.0,土地2建物1車位0,十層,12.0,住宅大樓(11層含以上有電梯),見其他登記事項,62.78,1.0,6080000.0,96846.0,,0.0,0.0,A07戶兩房方案，附冷氣一式交易總價含下列非屬預售屋價格之費用:含裝潢費680000元；含傢俱設備費200000元；,RPQNMLOKRHIGFAV17CB,達永崌里東,A7號
,,,,,,,,,,,,,,,,,,,,,,,,,,,,,,,台東市,房地(土地+建物)+車位,,,住,,,,,,,,,鋼筋混凝土造,,,2.0,1.0,,有,無,,,,,,,,,,,112_04,臺東縣臺東市四維路二段246號旁浙江路的右側,17.32,1120827.0,土地2建物1車位1,十二層,12.0,住宅大樓(11層含以上有電梯),見其他登記事項,77.93,1.0,7030000.0,103993.0,坡道機械,16.58,650000.0,A10戶一房方案，附冷氣一式交易總價含下列非屬預售屋價格之費用:含裝潢費740000元；含傢俱設備費140000元；,RPRNMLOKRHIGFAV27CB,達永崌里東,A10號
,,,,,,,,,,,,,,,,,,,,,,,,,,,,,,,台東市,房地(土地+建物)+車位,,,住,,,,,,,,,鋼筋混凝土造,,,2.0,1.0,,有,無,,,,,,,,,,,112_04,臺東縣臺東市四維路二段246號旁浙江路的右側,17.32,1120908.0,土地2建物1車位0,二層,12.0,住宅大樓(11層含以上有電梯),見其他登記事項,61.35,1.0,5890000.0,96007.0,,0.0,0.0,A02戶兩房方案，附冷氣一式交易總價含下列非屬預售屋價格之費用:含裝潢費680000元；含傢俱設備費200000元；,RPSNMLOKRHIGFAV37CB,達永崌里東,A2號
,,,,,,,,,,,,,,,,,,,,,,,,,,,,,,,台東市,房地(土地+建物)+車位,,,住,,,,,,,,,鋼筋混凝土造,,,2.0,1.0,,有,無,,,,,,,,,,,112_04,臺東縣臺東市四維路二段246號旁浙江路的右側,26.77,1120906.0,土地2建物1車位0,四層,12.0,住宅大樓(11層含以上有電梯),見其他登記事項,94.97,2.0,7380000.0,77709.0,,0.0,0.0,,RPTNMLOKRHIGFAV47CB,達永崌里東,A5號
,,,,,,,,,,,,,,,,,,,,,,,,,,,,,,,台東市,房地(土地+建物)+車位,,,住,,,,,,,,,鋼筋混凝土造,,,3.0,2.0,,有,無,,,,,,,,,,,112_04,臺東縣臺東市四維路二段235號旁,34.47,1120826.0,土地4建物1車位1,三層,13.0,住宅大樓(11層含以上有電梯),見其他登記事項,162.08,2.0,11050000.0,80146.0,坡道平面,36.31,970000.0,,RPUNMLOKRHIGFAV57CB,達永吾南室,A1號
,,,,,,,,,,,,,,,,,,,,,,,,,,,,,,,台東市,房地(土地+建物)+車位,,,住,,,,,,,,,鋼筋混凝土造,,,3.0,2.0,,有,無,,,,,,,,,,,112_04,臺東縣臺東市四維路二段235號旁,34.47,1120908.0,土地4建物1車位1,八層,13.0,住宅大樓(11層含以上有電梯),見其他登記事項,162.08,2.0,12180000.0,88972.0,坡道平面,36.31,990000.0,,RPVNMLOKRHIGFAV67CB,達永吾南室,A1號
,,,,,,,,,,,,,,,,,,,,,,,,,,,,,,,台東市,房地(土地+建物)+車位,,,住,,,,,,,,,鋼筋混凝土造,,,4.0,5.0,,有,無,,,,,,,,,,,112_04,臺東縣臺東市興安段364-4地號,117.17,1120916.0,土地1建物1車位1,全,3.0,透天厝,住家用,190.15,2.0,15000000.0,78885.0,其他,0.0,0.0,,RPPNMLTKRHIGFAV57CB,采暘 心綻,A棟5號
,,,,,,,,,,,,,,,,,,,,,,,,,,,,,,,台東市,房地(土地+建物)+車位,,,商,,,,,,,,,鋼筋混凝土造,,,2.0,2.0,,有,無,,,,,,,,,,,112_04,臺東縣臺東市中正路131號後方,19.75,1120822.0,土地3建物1車位1,十四層,14.0,住宅大樓(11層含以上有電梯),住家用,122.95,2.0,10500000.0,86582.0,坡道平面,12.65,950000.0,,RPQNMLTKRHIGFAV67CB,大同富御,1棟14G號
,,,,,,,,,,,,,,,,,,,,,,,,,,,,,,,台東市,房地(土地+建物)+車位,,,住,,,,,,,,,鋼筋混凝土造,,,4.0,5.0,,有,無,,,,,,,,,,,112_04,臺東縣臺東市新站路2巷,184.16,1120903.0,土地1建物1車位1,全,3.0,透天厝,住家用,245.93,2.0,18800000.0,76445.0,其他,0.0,0.0,,RPPNMLMJIIIGFAV58CB,素直,A3棟A3號
,,,,,,,,,,,,,,,,,,,,,,,,,,,,,,,台東市,房地(土地+建物)+車位,,,商,,,,,,,,,鋼筋混凝土造,,,2.0,2.0,,有,無,,,,,,,,,,,112_04,臺東縣臺東市中正路131號後方,19.75,1120912.0,土地3建物1車位1,十四層,14.0,住宅大樓(11層含以上有電梯),住家用,126.8,2.0,10500000.0,86129.0,坡道平面,16.5,1000000.0,,RPQNMLMJIIIGFAV68CB,大同富御,1棟14D號
,,,,,,,,,,,,,,,,,,,,,,,,,,,,,,,台東市,房地(土地+建物)+車位,,,住,,,,,,,,,鋼筋混凝土造,,,3.0,2.0,,有,無,,,,,,,,,,,112_04,臺東縣臺東市更生路1250號旁臺東市南榮段1069 地號,52.75,1121001.0,土地2建物1車位1,十二層,15.0,住宅大樓(11層含以上有電梯),住家用,155.92,2.0,9830000.0,73839.0,坡道平面,35.93,970000.0,,RPPNMLNJIIIGFAV68CB,悅山水,A棟12號
,,,,,,,,,,,,,,,,,,,,,,,,,,,,,,,台東市,房地(土地+建物)+車位,,,住,,,,,,,,,鋼筋混凝土造,,,2.0,1.0,,有,無,,,,,,,,,,,112_04,臺東縣臺東市更生路1250號旁臺東市南榮段1069 地號,35.74,1121002.0,土地2建物1車位1,七層,15.0,住宅大樓(11層含以上有電梯),住家用,117.36,2.0,6830000.0,72455.0,坡道平面,35.93,930000.0,,RPQNMLNJIIIGFAV78CB,悅山水,B棟7號
,,,,,,,,,,,,,,,,,,,,,,,,,,,,,,,台東市,房地(土地+建物)+車位,,,住,,,,,,,,,鋼筋混凝土造,,,2.0,1.0,,有,無,,,,,,,,,,,112_04,臺東縣臺東市更生路1250號旁臺東市南榮段1069 地號,35.79,1121002.0,土地2建物1車位1,十四層,15.0,住宅大樓(11層含以上有電梯),住家用,117.36,2.0,6980000.0,74297.0,坡道平面,35.93,930000.0,,RPRNMLNJIIIGFAV88CB,悅山水,G棟14號
,,,,,,,,,,,,,,,,,,,,,,,,,,,,,,,台東市,房地(土地+建物)+車位,,,住,,,,,,,,,鋼筋混凝土造,,,3.0,2.0,,有,無,,,,,,,,,,,112_04,臺東縣臺東市仁愛街29號旁,45.14,1120908.0,土地1建物1車位2,二層,5.0,華廈(10層含以下有電梯),住家用,142.93,2.0,11430000.0,83790.0,一樓平面,28.0,1800000.0,車位編號:自設車位10.11號室內,RPPNMLPJIIIGFAV98DB,麗築東京天后之星,2A號
,,,,,,,,,,,,,,,,,,,,,,,,,,,,,,,台東市,房地(土地+建物)+車位,,,住,,,,,,,,,鋼筋混凝土造,,,4.0,3.0,,有,無,,,,,,,,,,,112_04,臺東縣臺東市四維路二段235號旁,43.51,1121006.0,土地4建物1車位1,六層,13.0,住宅大樓(11層含以上有電梯),見其他登記事項,194.96,2.0,15560000.0,91963.0,坡道平面,36.31,970000.0,,RPPNMLNKIIIGFAV78CB,達永吾南室,A3號
,,,,,,,,,,,,,,,,,,,,,,,,,,,,,,,台東市,房地(土地+建物)+車位,,,住,,,,,,,,,鋼筋混凝土造,,,4.0,3.0,,有,無,,,,,,,,,,,112_04,臺東縣臺東市四維路二段235號旁,43.11,1121002.0,土地4建物1車位1,三層,13.0,住宅大樓(11層含以上有電梯),見其他登記事項,193.5,2.0,14060000.0,82893.0,坡道平面,36.31,1030000.0,,RPQNMLNKIIIGFAV88CB,達永吾南室,A2號
,,,,,,,,,,,,,,,,,,,,,,,,,,,,,,,台東市,房地(土地+建物)+車位,,,住,,,,,,,,,鋼筋混凝土造,,,4.0,3.0,,有,無,,,,,,,,,,,112_04,臺東縣臺東市四維路二段235號旁,43.11,1121008.0,土地4建物1車位1,十三層,13.0,住宅大樓(11層含以上有電梯),見其他登記事項,193.5,2.0,14710000.0,87410.0,坡道平面,36.31,970000.0,,RPRNMLNKIIIGFAV98CB,達永吾南室,A2號
,,,,,,,,,,,,,,,,,,,,,,,,,,,,,,,台東市,房地(土地+建物)+車位,,,住,,,,,,,,,鋼筋混凝土造,,,2.0,2.0,,有,無,,,,,,,,,,,112_04,臺東縣臺東市四維路二段246號旁浙江路的右側,26.8,1120922.0,土地2建物1車位0,五層,12.0,住宅大樓(11層含以上有電梯),見其他登記事項,94.98,2.0,7670000.0,80754.0,,0.0,0.0,,RPSNMLNKIIIGFAV09CB,達永崌里東,A8號
,,,,,,,,,,,,,,,,,,,,,,,,,,,,,,,台東市,房地(土地+建物)+車位,,,住,,,,,,,,,鋼筋混凝土造,,,2.0,1.0,,有,無,,,,,,,,,,,112_04,臺東縣臺東市四維路二段246號旁浙江路的右側,17.68,1121002.0,土地2建物1車位1,十一層,12.0,住宅大樓(11層含以上有電梯),見其他登記事項,79.36,1.0,6790000.0,97802.0,坡道機械,16.58,650000.0,A07戶兩房方案，附冷氣一式交易總價含下列非屬預售屋價格之費用:含裝潢費680000元；含傢俱設備費200000元；,RPTNMLNKIIIGFAV56CB,達永崌里東,A7號
,,,,,,,,,,,,,,,,,,,,,,,,,,,,,,,台東市,房地(土地+建物)+車位,,,住,,,,,,,,,鋼筋混凝土造,,,2.0,1.0,,有,無,,,,,,,,,,,112_04,臺東縣臺東市四維路二段246號旁浙江路的右側,17.74,1121008.0,土地2建物1車位0,十一層,12.0,住宅大樓(11層含以上有電梯),見其他登記事項,62.82,1.0,6140000.0,97740.0,,0.0,0.0,A06戶一房方案，附冷氣一式交易總價含下列非屬預售屋價格之費用:含裝潢費740000元；含傢俱設備費140000元；,RPUNMLNKIIIGFAV66CB,達永崌里東,A6號
,,,,,,,,,,,,,,,,,,,,,,,,,,,,,,,台東市,房地(土地+建物)+車位,,,住,,,,,,,,,鋼筋混凝土造,,,4.0,5.0,,有,無,,,,,,,,,,,112_04,臺東縣臺東市興盛路岩灣段503-4地號,110.32,1121002.0,土地1建物1車位1,全,3.0,透天厝,住家用,187.28,2.0,14200000.0,75822.0,其他,0.0,0.0,,RPPNMLQKIIIGFAV09CB,晴杉建設-富田畫語,B棟2號
,,,,,,,,,,,,,,,,,,,,,,,,,,,,,,,台東市,房地(土地+建物)+車位,,,住,,,,,,,,,鋼筋混凝土造,,,3.0,2.0,,有,無,,,,,,,,,,,112_04,臺東縣臺東市永安街197巷8-1號旁,54.34,1120925.0,土地1建物1車位1,一層,5.0,華廈(10層含以下有電梯),住家用,102.92,2.0,8800000.0,85503.0,其他,0.0,0.0,,RPPNMLTKIIIGFAV76CB,欣輝永安住宅,1A號
,,,,,,,,,,,,,,,,,,,,,,,,,,,,,,,台東市,房地(土地+建物)+車位,,,住,,,,,,,,,鋼筋混凝土造,,,3.0,2.0,,有,無,,,,,,,,,,,112_04,臺東縣臺東市永安街197巷8-1號旁,54.34,1120924.0,土地1建物1車位1,四層,5.0,華廈(10層含以下有電梯),住家用,107.58,2.0,8800000.0,81800.0,其他,0.0,0.0,,RPQNMLTKIIIGFAV86CB,欣輝永安住宅,4B號
,,,,,,,,,,,,,,,,,,,,,,,,,,,,,,,台東市,房地(土地+建物)+車位,,,住,,,,,,,,,鋼筋混凝土造,,,2.0,1.0,,有,無,,,,,,,,,,,112_04,臺東縣臺東市更生路1250號旁臺東市南榮段1069 地號,35.74,1121010.0,土地2建物1車位1,九層,15.0,住宅大樓(11層含以上有電梯),住家用,117.36,2.0,6950000.0,73929.0,坡道平面,35.93,930000.0,,RPPNMLNLIIIGFAV88CB,悅山水,B棟9號
,,,,,,,,,,,,,,,,,,,,,,,,,,,,,,,台東市,房地(土地+建物)+車位,,,住,,,,,,,,,鋼筋混凝土造,,,4.0,5.0,,有,無,,,,,,,,,,,112_04,臺東縣臺東市興安段364-7地號,116.74,1121014.0,土地1建物1車位1,全,3.0,透天厝,住家用,190.15,2.0,15200000.0,79937.0,其他,0.0,0.0,,RPQNMLNLIIIGFAV98CB,采暘 心綻,A棟8號
,,,,,,,,,,,,,,,,,,,,,,,,,,,,,,,台東市,房地(土地+建物)+車位,,,商,,,,,,,,,鋼筋混凝土造,,,2.0,2.0,,有,無,,,,,,,,,,,112_04,臺東縣臺東市中正路131號後方,19.75,1120928.0,土地3建物1車位1,八層,14.0,住宅大樓(11層含以上有電梯),住家用,124.05,2.0,9800000.0,80236.0,坡道平面,13.75,950000.0,,RPQNMLPLIIIGFAV56CB,大同富御,1棟8D號
,,,,,,,,,,,,,,,,,,,,,,,,,,,,,,,台東市,房地(土地+建物)+車位,,,商,,,,,,,,,鋼筋混凝土造,,,3.0,2.0,,有,無,,,,,,,,,,,112_04,臺東縣臺東市中正路131號後方,25.28,1121002.0,土地3建物1車位1,三層,14.0,住宅大樓(11層含以上有電梯),住家用,157.58,2.0,11980000.0,77828.0,坡道平面,16.5,1000000.0,,RPRNMLPLIIIGFAV66CB,大同富御,1棟3C號
,,,,,,,,,,,,,,,,,,,,,,,,,,,,,,,台東市,房地(土地+建物)+車位,,,商,,,,,,,,,鋼筋混凝土造,,,2.0,2.0,,有,無,,,,,,,,,,,112_04,臺東縣臺東市中正路131號後方,19.75,1121002.0,土地3建物1車位1,五層,14.0,住宅大樓(11層含以上有電梯),住家用,122.95,2.0,9280000.0,76881.0,坡道平面,12.65,800000.0,,RPSNMLPLIIIGFAV76CB,大同富御,1棟5D號
,,,,,,,,,,,,,,,,,,,,,,,,,,,,,,,台東市,房地(土地+建物)+車位,,,住,,,,,,,,,鋼筋混凝土造,,,4.0,5.0,,有,無,,,,,,,,,,,112_04,臺東縣臺東市新站路2巷,188.31,1120926.0,土地1建物1車位1,全,3.0,透天厝,住家用,243.83,2.0,18950000.0,77718.0,其他,0.0,0.0,,RPPNMLQLIIIGFAV56CB,素直,A9棟A9號
,,,,,,,,,,,,,,,,,,,,,,,,,,,,,,,台東市,房地(土地+建物)+車位,,,住,,,,,,,,,鋼筋混凝土造,,,4.0,5.0,,有,無,,,,,,,,,,,112_04,臺東縣臺東市興盛路岩灣段503-11地號,114.75,1121013.0,土地1建物1車位1,全,3.0,透天厝,住家用,186.24,2.0,14450000.0,77588.0,其他,0.0,0.0,,RPPNMLKMIIIGFAV68CB,晴杉建設-富田畫語,A棟1號
,,,,,,,,,,,,,,,,,,,,,,,,,,,,,,,台東市,房地(土地+建物)+車位,,,住,,,,,,,,,鋼筋混凝土造,,,2.0,1.0,,有,無,,,,,,,,,,,112_04,臺東縣臺東市仁愛街29號旁,34.62,1121028.0,土地1建物1車位1,三層,5.0,華廈(10層含以下有電梯),住家用,98.17,2.0,8200000.0,85063.0,一樓平面,10.0,700000.0,車位編號:自設車位15戶外,RPPNMLKMIIIGFAV78DB,麗築東京天后之星,3C號
,,,,,,,,,,,,,,,,,,,,,,,,,,,,,,,台東市,房地(土地+建物),,,住,,,,,,,,,鋼筋混凝土造,,,5.0,6.0,,有,無,,,,,,,,,,,112_04,臺東縣臺東市中華路二段214巷78弄35號隔壁,114.29,1121031.0,土地2建物1車位0,全,3.0,透天厝,住家用,215.38,2.0,14300000.0,66394.0,,0.0,0.0,,RPPNMLMJJIIGFAV78DB,晉鋐豐榮,B1號
,,,,,,,,,,,,,,,,,,,,,,,,,,,,,,,台東市,房地(土地+建物)+車位,,,住,,,,,,,,,鋼筋混凝土造,,,2.0,2.0,,有,無,,,,,,,,,,,112_04,臺東縣臺東市四維路二段246號旁浙江路的右側,26.77,1121102.0,土地2建物1車位1,三層,12.0,住宅大樓(11層含以上有電梯),見其他登記事項,128.13,2.0,8510000.0,79183.0,坡道平面,33.16,990000.0,,RPPNMLOKJIIGFAV98CB,達永崌里東,A5號
,,,,,,,,,,,,,,,,,,,,,,,,,,,,,,,台東市,房地(土地+建物)+車位,,,住,,,,,,,,,鋼筋混凝土造,,,0.0,0.0,,無,無,,,,,,,,,,,112_04,臺東縣臺東市四維路二段235號旁,39.34,1121018.0,土地4建物1車位1,一層,13.0,住宅大樓(11層含以上有電梯),見其他登記事項,179.92,0.0,19670000.0,130075.0,坡道平面,36.31,990000.0,,RPQNMLOKJIIGFAV09CB,達永吾南室,02棟A1號
,,,,,,,,,,,,,,,,,,,,,,,,,,,,,,,台東市,房地(土地+建物)+車位,,,住,,,,,,,,,鋼筋混凝土造,,,4.0,3.0,,有,無,,,,,,,,,,,112_04,臺東縣臺東市四維路二段235號旁,43.11,1121109.0,土地4建物1車位1,五層,13.0,住宅大樓(11層含以上有電梯),見其他登記事項,193.5,2.0,14410000.0,84993.0,坡道平面,36.31,1050000.0,,RPRNMLOKJIIGFAV56CB,達永吾南室,A2號
,,,,,,,,,,,,,,,,,,,,,,,,,,,,,,,台東市,房地(土地+建物)+車位,,,住,,,,,,,,,鋼筋混凝土造,,,2.0,1.0,,有,無,,,,,,,,,,,112_04,臺東縣臺東市更生路1250號旁臺東市南榮段1069 地號,35.74,1121105.0,土地2建物1車位1,十三層,15.0,住宅大樓(11層含以上有電梯),住家用,117.36,2.0,7200000.0,76999.0,坡道平面,35.93,930000.0,,RPPNMLRKJIIGFAV66CB,悅山水,C棟13號
,,,,,,,,,,,,,,,,,,,,,,,,,,,,,,,台東市,房地(土地+建物)+車位,,,住,,,,,,,,,鋼筋混凝土造,,,3.0,2.0,,有,無,,,,,,,,,,,112_04,臺東縣臺東市永安街197巷8-1號旁,54.34,1121027.0,土地1建物1車位1,四層,5.0,華廈(10層含以下有電梯),住家用,108.83,2.0,9100000.0,83617.0,其他,0.0,0.0,,RPPNMLKLJIIGFAV68CB,欣輝永安住宅,4A號
,,,,,,,,,,,,,,,,,,,,,,,,,,,,,,,台東市,房地(土地+建物)+車位,,,住,,,,,,,,,鋼筋混凝土造,,,3.0,2.0,,有,無,,,,,,,,,,,112_04,臺東縣臺東市永安街197巷8-1號旁,54.34,1121027.0,土地1建物1車位1,三層,5.0,華廈(10層含以下有電梯),住家用,107.58,2.0,9000000.0,83659.0,其他,0.0,0.0,,RPQNMLKLJIIGFAV78CB,欣輝永安住宅,3B號
,,,,,,,,,,,,,,,,,,,,,,,,,,,,,,,台東市,房地(土地+建物)+車位,,,住,,,,,,,,,鋼筋混凝土造,,,2.0,1.0,,有,無,,,,,,,,,,,112_04,臺東縣臺東市四維路二段246號旁浙江路的右側,17.68,1121101.0,土地2建物1車位0,十二層,12.0,住宅大樓(11層含以上有電梯),見其他登記事項,62.78,1.0,6190000.0,98598.0,,0.0,0.0,A07戶一房方案，附冷氣一式交易總價含下列非屬預售屋價格之費用:含裝潢費740000元；含傢俱設備費140000元；,RPPNMLLLJIIGFAV78CB,達永崌里東,A7號
,,,,,,,,,,,,,,,,,,,,,,,,,,,,,,,台東市,房地(土地+建物)+車位,,,住,,,,,,,,,鋼筋混凝土造,,,2.0,1.0,,有,無,,,,,,,,,,,112_04,臺東縣臺東市四維路二段246號旁浙江路的右側,17.74,1121108.0,土地2建物1車位0,十二層,12.0,住宅大樓(11層含以上有電梯),見其他登記事項,62.82,1.0,6200000.0,98695.0,,0.0,0.0,A06戶一房方案，附冷氣一式交易總價含下列非屬預售屋價格之費用:含裝潢費740000元；含傢俱設備費140000元；,RPQNMLLLJIIGFAV88CB,達永崌里東,A6號
,,,,,,,,,,,,,,,,,,,,,,,,,,,,,,,台東市,房地(土地+建物)+車位,,,住,,,,,,,,,鋼筋混凝土造,,,2.0,2.0,,有,無,,,,,,,,,,,112_04,臺東縣臺東市四維路二段246號旁浙江路的右側,26.8,1121107.0,土地2建物1車位1,十層,12.0,住宅大樓(11層含以上有電梯),見其他登記事項,128.14,2.0,9390000.0,88545.0,坡道平面,33.16,980000.0,,RPRNMLLLJIIGFAV98CB,達永崌里東,A8號
,,,,,,,,,,,,,,,,,,,,,,,,,,,,,,,台東市,房地(土地+建物)+車位,,,商,,,,,,,,,鋼筋混凝土造,,,3.0,2.0,,有,無,,,,,,,,,,,112_04,臺東縣臺東市中正路131號後方,20.29,1121025.0,土地3建物1車位1,四層,14.0,住宅大樓(11層含以上有電梯),住家用,125.89,2.0,9800000.0,78594.0,坡道平面,12.65,900000.0,,RPPNMLNLJIIGFAV98CB,大同富御,1棟4B號
,,,,,,,,,,,,,,,,,,,,,,,,,,,,,,,台東市,房地(土地+建物)+車位,,,商,,,,,,,,,鋼筋混凝土造,,,2.0,2.0,,有,無,,,,,,,,,,,112_04,臺東縣臺東市中正路131號後方,19.75,1121108.0,土地3建物1車位1,三層,14.0,住宅大樓(11層含以上有電梯),住家用,122.95,2.0,9250000.0,75703.0,坡道平面,12.65,900000.0,,RPQNMLNLJIIGFAV09CB,大同富御,1棟3D號
